"variable","mean_diff","median_diff","sd_diff","min_diff","q1_diff","q3_diff","max_diff"
"ddgent",0.122707760948387,0.124098446414987,-0.0036685885247406,0.123325420712865,0.119836044007733,0.126494443517979,0.091331679301773
"hbe_mean",-0.043752032527666,-0.040360384958919,-0.0209642371379911,0.019262150325963,-0.033391613099412,-0.053602069576775,-0.131877394210016
"hpshh",0.159249099187511,0.160022199376202,0.0097977611105558,0.0766503725531776,0.148142835388418,0.165157966827331,0.178645451476275
"r4s_JC",0.07345841824713,0.085484405292264,-0.00664060491657301,0.000603159114455895,0.073735514034983,0.0702776554950389,0.065386000456774
"resvol",0.0080437106527195,0.0046859132566722,0.0028079526128936,-0.154217514487887,-0.0980957659784147,0.122523828286256,0.14784334527157
"rsa",0.106222339258115,0.112903236870063,-0.0128258766878884,0.102006306046681,0.120539447276896,0.103782008322765,0.0333781586720701
"seqent",0.07550127170345,0.075871791536603,0.00119434735858298,-0.0422602209623568,0.060233702139479,0.079738929245022,0.074458673600565
