"variable","mean_diff","median_diff","sd_diff","min_diff","q1_diff","q3_diff","max_diff"
"ddgent",0.072588137203206,0.071713660591216,-0.0014508800157094,0.053801208163625,0.0714382513181,0.070115152713904,0.063843015930116
"hbe_mean",-0.029732905334373,-0.031592081008366,-0.00307511786980511,-0.0790094899191159,-0.03480384993636,-0.024098829464536,-0.002203304893392
"hpshh",0.052446900169758,0.052791498751892,0.0056577362288385,0.0469231293165089,0.053828597574093,0.049286457869171,0.0231353004956935
"r4s_JC",0.048530427221697,0.047707091975823,-0.0030233333328719,0.0422563096932269,0.0479583959533381,0.055414734087901,0.057067346571195
"resvol",-0.0135328499179634,-0.0149185155127098,0.00199873146243601,0.00478033239964398,-0.0055124503070259,-0.008439555174755,-0.020672599629145
"rsa",0.056916476555385,0.057414883122644,-0.000214528188022402,0.043764851176334,0.056767078226453,0.063837057996932,0.041395893458702
"seqent",0.047120300671365,0.045390256747751,0.00106911026401499,0.045805309067949,0.047477948972682,0.052745605992762,0.0053446887156931
