"variable","mean","median","sd","min","q1","q3","max"
"asa",0.462593537249713,0.4680383756004,0.101327505849275,0.0531025426126349,0.409043758391526,0.529513821833364,0.70740306917506
"ddgent",0.366924266218457,0.377443877470988,0.0879807108012231,0.0253083711851275,0.322275801889309,0.423051952088561,0.608215123013789
"hbe_mean",0.312285835135118,0.31985917519108,0.113875996883438,0.0322207574876108,0.242382504762191,0.387290365741144,0.650453050188766
"hpshh",0.173376772900079,0.173633480681224,0.0739564749918184,-0.0704580548686247,0.132602014795895,0.221590143029222,0.382979432941722
"resvol",-0.0537167059200175,-0.0510957750509146,0.0807188979780489,-0.283970577434357,-0.101975922540701,-0.000852929634159909,0.170158586543039
"rsa",0.484174889160324,0.489959673756309,0.103239097675059,0.0654789179925805,0.430673835305549,0.553425073112058,0.728664707496693
"seqent",0.271694942390277,0.281064649331581,0.131896661782884,-0.134727679746849,0.189840019227956,0.367493154369837,0.551505577188076
