"variable","mean","median","sd","min","q1","q3","max"
"asa",0.497688648232344,0.503337102487549,0.102200382093329,0.117500753041212,0.443682336384015,0.563983324303256,0.731805693812979
"ddgent",0.405633086751766,0.416184128808838,0.0872142551160368,0.0994660528315057,0.36036572810759,0.459099926470515,0.635089038783379
"hbe_mean",0.316395922142544,0.314405668973469,0.111234106056151,0.035108094254974,0.242689130607059,0.389950689307406,0.645431706853275
"hpshh",0.203002164303559,0.204752767717243,0.0774684062647724,-0.0593978912004314,0.157871933233471,0.255363367207295,0.381293199876128
"resvol",-0.0522776031426028,-0.0513381155811345,0.0878430817834355,-0.343894132303207,-0.099111901370079,0.0011324209492474,0.181910345822267
"rsa",0.517633715617612,0.523267069244091,0.103994640692001,0.128590732878787,0.461264899773008,0.590010900774263,0.75066870188867
"seqent",0.297581775406879,0.314331315014994,0.132825682087134,-0.0825175155031465,0.220604858389045,0.393669263057472,0.598876638558951
