"variable","mean_diff","median_diff","sd_diff","min_diff","q1_diff","q3_diff","max_diff"
"asa",0.139465775052073,0.145175112932707,-0.0102458133730069,0.140446920937972,0.152438829972517,0.140665413096415,0.055800233499098
"ddgent",0.123865162553467,0.124098446414987,-0.00516220446632229,0.123325420712865,0.120099489645531,0.126494443517979,0.091331679301773
"hbe_mean",-0.043156916617421,-0.039434955215911,-0.0212332396262805,0.019262150325963,-0.032682512978554,-0.053602069576775,-0.131877394210016
"hpshh",0.160059253703944,0.160260698728031,0.0093017443414853,0.0766503725531776,0.148292152351442,0.16604370486877,0.178645451476275
"resvol",0.0093222663375488,0.00554568224105381,0.00347741708397289,-0.154217514487887,-0.0952168816927212,0.123043483313622,0.14784334527157
"rsa",0.106951031484287,0.112903236870063,-0.0132187935987513,0.102006306046681,0.120767524696974,0.103782008322765,0.0333781586720701
"seqent",0.076677120006284,0.076511297664285,0.00190027523759301,-0.0422602209623568,0.060233702139479,0.087223262248251,0.074458673600565
