"variable","mean_diff","median_diff","sd_diff","min_diff","q1_diff","q3_diff","max_diff"
"asa",0.0855270425586049,0.095958618398892,0.00120789046947001,0.117204871975617,0.082970994735438,0.0850028735317879,0.055734109965395
"ddgent",0.090837588062899,0.090626485157015,0.0016788543225684,0.117590755102048,0.088743557459761,0.0851152001974561,0.059617399538633
"hbe_mean",-0.00435485972548899,-0.020248586044219,-0.00992414908299,0.0240552388181103,-0.00451979074698799,-0.00622057662702002,-0.045108138017302
"hpshh",0.080227798455033,0.078427370104471,0.0082179643776744,-0.0589394768789359,0.07660758383808,0.088842310317988,0.062705401388416
"resvol",-0.0132844747722223,-0.0189942516118215,0.0081555438516774,0.00964297414238402,-0.0071735274768243,0.0120778880146197,0.023462107718608
"rsa",0.077862388267753,0.082420295967107,0.000956927507684002,0.112736171025683,0.079387516790499,0.080093897771467,0.049358661566818
"seqent",0.058808528898364,0.070098338465405,0.002098629205838,-0.0715840765544202,0.058377672848041,0.057413770232906,0.078568468920202
