"variable","mean_diff","median_diff","sd_diff","min_diff","q1_diff","q3_diff","max_diff"
"asa",0.149196571435889,0.147913223729215,-0.0052196117674487,0.254220436180257,0.155082993656277,0.150053484633093,0.080112687208966
"ddgent",0.128301220274621,0.128051234283826,-0.0071432894525439,0.228250342488329,0.120829952830271,0.12418204486816,0.079614999117991
"hbe_mean",-0.00955563203555099,-0.016817799755584,-0.013795773225166,0.0302052643900205,-0.004321041616826,-0.020928315640357,-0.095915960155503
"hpshh",0.144041365177551,0.141938843548593,0.0085434063978804,0.0324579492137633,0.132717108128382,0.142631316265821,0.128642210064851
"resvol",-0.0284184222524372,-0.027314730700506,0.0090573736429916,-0.057365474978335,-0.0716104804388108,0.0858417859842084,0.128311943963193
"rsa",0.125751796705852,0.129753706016381,-0.00736375454330319,0.223466974510558,0.129630533688064,0.127717874565788,0.071128126733601
"seqent",0.086524579390145,0.095244565057704,0.005257510963111,-0.0785130783586756,0.076881025980494,0.094209775819873,0.118395712271159
