"variable","mean_diff","median_diff","sd_diff","min_diff","q1_diff","q3_diff","max_diff"
"asa",0.033047087257646,0.0347692023291221,0.0077803969239035,-0.00582950087749799,0.032656184666031,0.035976872747412,0.047776699741076
"ddgent",0.038809897485603,0.042748140545501,0.0078887062376945,-0.00924577958505031,0.034419182525381,0.054069619250763,0.0528748114919719
"hbe_mean",-0.013427030372253,-0.019467373402204,-0.003155517134355,0.0265646091655561,-0.012658552749499,-0.015250542235394,-0.048660853047917
"hpshh",0.034632586974094,0.038787853359615,0.0090675589355657,0.0108523772022319,0.029801695179984,0.045569971489858,0.00844739889264096
"resvol",-0.0064719245302112,-0.005573887336166,0.00773718134976011,0.055675101917346,-0.012250337714733,-0.00059901870402897,0.013777760686612
"rsa",0.028962007650046,0.031652151152895,0.0071033277616602,-0.018125450145572,0.02559746243236,0.03172222088749,0.043899124147222
"seqent",0.028599324110737,0.030713569226543,0.00519157270586498,-0.00215724781307911,0.036286377312686,0.03388167376244,0.058654602874077
