"variable","mean_diff","median_diff","sd_diff","min_diff","q1_diff","q3_diff","max_diff"
"asa",0.180257296751501,0.182533901133643,-0.0049186787061717,0.168582213353951,0.195451861889961,0.188538428468298,0.083667542536187
"ddgent",0.161836781021905,0.165737890046936,-0.00234280294175139,0.155659744873935,0.162560042407827,0.163649939075072,0.125834682763589
"hbe_mean",-0.03815933999855,-0.038613304991747,-0.0190652258951095,0.001702298215883,-0.026977308222946,-0.046194270961931,-0.136304687160111
"hpshh",0.185688306060702,0.189848489289924,0.0182444021059411,0.0876610876692628,0.168383342038494,0.204138947788155,0.20054245535825
"resvol",0.0041330044815672,0.00255361932314761,0.0071697848002696,-0.090521783582137,-0.109150945113055,0.118905417838996,0.148514147196255
"rsa",0.145882497612061,0.142525178220815,-0.008654370584656,0.129149939995,0.162650611599577,0.148812211123132,0.0577476535870151
"seqent",0.100067857930482,0.103733867402432,0.00201930990530999,-0.0613480836994073,0.084746381164303,0.108153273807276,0.100150696925503
