"variable","mean_diff","median_diff","sd_diff","min_diff","q1_diff","q3_diff","max_diff"
"asa",0.114101460453258,0.112614496842066,-0.00609248801150271,0.18982222575168,0.120444415663788,0.115583982163201,0.055710062571047
"ddgent",0.089592399741312,0.089310982945976,-0.00637683376735759,0.15409266084195,0.08274002661199,0.088134070486206,0.052741083348401
"hbe_mean",-0.013665719042977,-0.011364293537973,-0.011153882397879,0.0273179276226573,-0.00462766746169399,-0.023588639206619,-0.090894616820012
"hpshh",0.114415973774071,0.110819556512574,0.0050314751249264,0.0435181128819566,0.107447189690806,0.108858092087748,0.130328443130445
"resvol",-0.0269793194750225,-0.0275570712307259,0.001933189837605,-0.117289029847185,-0.0687464592681888,0.0855622946691209,0.116560184683965
"rsa",0.0922929702485641,0.096446310528599,-0.0081192975602452,0.160355159624351,0.099039469220605,0.091132046903583,0.049124132341624
"seqent",0.060637746373543,0.061977899374291,0.00432849065886101,-0.0263029141149731,0.046116186819405,0.068033667132238,0.071024650900284
