"variable","mean_diff","median_diff","sd_diff","min_diff","q1_diff","q3_diff","max_diff"
"asa",0.174560886034704,0.180473839819856,-0.0093729371289529,0.204845131366549,0.187077407965006,0.175134915566307,0.080202858137017
"ddgent",0.162573983086776,0.162838697752837,-0.0059286601515086,0.197483102359244,0.158189415863812,0.162542417899933,0.118205595071363
"hbe_mean",-0.039046829609995,-0.044888461433522,-0.0238751304535675,0.0221494870933262,-0.032375887133686,-0.050941746010513,-0.136898737545507
"hpshh",0.189684645107424,0.19137998576405,0.0128136756144393,0.0655902088849843,0.173562070789018,0.199816929046843,0.176959218410681
"resvol",0.0078831635601341,0.0057880227712737,0.0106016008893595,-0.094293959619037,-0.0980809028633432,0.123322974628709,0.159595104550798
"rsa",0.140409857941575,0.146210632357845,-0.0124632505818093,0.165118120932888,0.151358589164433,0.14036783598497,0.055382153064047
"seqent",0.102563953022886,0.109777963347698,0.002829295541843,-0.0944703852060593,0.090998541300568,0.113399370935886,0.12182973497144
