"variable","mean_diff","median_diff","sd_diff","min_diff","q1_diff","q3_diff","max_diff"
"asa",0.172512862309719,0.179944315261829,-0.00246541644910341,0.134617420060474,0.185095014638548,0.176642285843827,0.103576933240174
"ddgent",0.16267506003907,0.166846586960488,0.00272650177137221,0.114079641127815,0.154518672170912,0.180564062768742,0.144206490793745
"hbe_mean",-0.056583946989674,-0.058902328618115,-0.0243887567606355,0.0458267594915191,-0.045341065728053,-0.068852611812169,-0.180538247257933
"hpshh",0.194691840678038,0.199048552087646,0.018369303277051,0.0875027497554095,0.178093847531426,0.211613676358628,0.187092850368916
"resvol",0.0028503418073376,-2.82050951121993e-05,0.011214598433733,-0.098542412570541,-0.107467219407454,0.122444464609593,0.161621105958182
"rsa",0.135913039134333,0.144555388022958,-0.00611546583709109,0.083880855901109,0.146364987129334,0.135504229210255,0.077277282819292
"seqent",0.105276444117021,0.107224866890828,0.00709184794345799,-0.0444174687754359,0.096520079452165,0.121104936010691,0.133113276474642
