"variable","mean_diff","median_diff","sd_diff","min_diff","q1_diff","q3_diff","max_diff"
"ddgent",0.088400954141516,0.09103378999521,-0.00500368927605439,0.15409266084195,0.08106650235041,0.088134070486206,0.052741083348401
"hbe_mean",-0.014492851063248,-0.012289723280981,-0.011102691008334,0.0273179276226573,-0.00624632238753098,-0.023588639206619,-0.090894616820012
"hpshh",0.113382858488746,0.110781463645737,0.00489901985452951,0.0435181128819566,0.107297872727782,0.108640869961123,0.129393999705548
"r4s_JC",0.059860054369258,0.069821064365688,-0.00243751422042099,-0.0430076380146685,0.057916739911049,0.062136375450891,0.0549592762714081
"resvol",-0.0278891064222559,-0.0278483641504779,0.0014043509937825,-0.117289029847185,-0.0712775815891938,0.0852090246885751,0.116560184683965
"rsa",0.091060216649387,0.096446310528599,-0.0079031756080781,0.160355159624351,0.098811391800527,0.091132046903583,0.049124132341624
"seqent",0.059265264836552,0.06175227225291,0.00353433860769301,-0.0263029141149731,0.046116186819405,0.067958972248025,0.071024650900284
