"variable","mean_diff","median_diff","sd_diff","min_diff","q1_diff","q3_diff","max_diff"
"asa",-0.00774443444178202,-0.00258958587181396,0.00245326225706829,-0.0339647932934765,-0.010356847251413,-0.011896142624471,0.019909390703987
"ddgent",0.000838279017165044,0.00110869691355198,0.0050693047131236,-0.0415801037461204,-0.00804137023691498,0.01691412369367,0.0183718080301559
"hbe_mean",-0.018424606991124,-0.020289023626368,-0.00532353086552599,0.0441244612756361,-0.018363757505107,-0.022658340850238,-0.044233560097822
"hpshh",0.009003534617336,0.00920006279772201,0.000124901171109901,-0.0001583379138533,0.00971050549293201,0.00747472857047302,-0.013449604989334
"resvol",-0.0012826626742296,-0.00258182441825981,0.0040448136334634,-0.008020628988404,0.00168372570560099,0.00353904677059684,0.013106958761927
"rsa",-0.00996945847772795,0.00203020980214297,0.00253890474756491,-0.045269084093891,-0.016285624470243,-0.013307981912877,0.019529629232277
"seqent",0.00520858618653897,0.00349099948839598,0.005072538038148,0.0169306149239714,0.011773698287862,0.012951662203415,0.0329625795491389
