"variable","mean_diff","median_diff","sd_diff","min_diff","q1_diff","q3_diff","max_diff"
"asa",0.035095110982631,0.035298726887149,0.000872876244054008,0.0643982104285771,0.034638577992489,0.034469502469892,0.024402624637919
"ddgent",0.038708820533309,0.03874025133785,-0.00076645568518631,0.0741576816463782,0.038089926218281,0.036047974381954,0.02687391576959
"hbe_mean",0.00411008700742599,-0.00545350621761098,-0.002641890827287,0.0028873367673632,0.000306625844867986,0.002660323566262,-0.00502134333549098
"hpshh",0.02962539140348,0.031119287036019,0.003511931272954,-0.0110601636681933,0.025269918437576,0.033773224178073,-0.00168623306559401
"resvol",-0.0014391027774147,0.000242340530219896,0.0071241838053866,0.05992355486885,-0.002864021170622,0.000279491315087491,0.011751759279228
"rsa",0.033458826457288,0.0333073954877821,0.000755543016942001,0.0631118148862065,0.030591064467459,0.036585827662205,0.022003994391977
"seqent",0.025886833016602,0.033266665683413,0.000929020304249989,-0.0522101642437025,0.030764839161089,0.026176108687635,0.047371061370875
