"variable","mean_diff","median_diff","sd_diff","min_diff","q1_diff","q3_diff","max_diff"
"asa",0.0636695288772841,0.0519546053303229,-0.00642750223691871,0.13701556420464,0.072111998920839,0.0650506111013051,0.0243785772435711
"ddgent",0.037463632211722,0.037424749126811,-0.0088221437751123,0.110659587386281,0.03208639537051,0.039066844670704,0.019997599579358
"hbe_mean",-0.005200772310062,0.00343078628863497,-0.003871624142176,0.0061500255719102,0.00019874913016199,-0.014707739013337,-0.050807822138201
"hpshh",0.063813566722518,0.063511473444122,0.000325442020205999,0.0913974260926992,0.056109524290302,0.053789005947833,0.065936808676435
"resvol",-0.0151339474802149,-0.0083204790886845,0.000901829791314201,-0.067008449120719,-0.0644369529619865,0.0737638979695887,0.104849836244585
"rsa",0.0478894084380991,0.047333410049274,-0.0083206820509872,0.110730803484874,0.0502430168975651,0.047623976794321,0.021769465166783
"seqent",0.027716050491781,0.025146226592299,0.003158881757273,-0.0069290018042554,0.018503353132453,0.036796005586967,0.039827243350957
