"variable","mean_diff","median_diff","sd_diff","min_diff","q1_diff","q3_diff","max_diff"
"ddgent",0.037778796069457,0.041419330399856,0.002279456585838,0.0323343241610701,0.04089464969459,0.036204334431487,0.034503003461816
"hbe_mean",0.00512440096049799,0.000980714497816004,0.002329159939939,-0.01755985211008,0.00174582275007998,0.00740779861484403,-0.00442729295009503
"hpshh",0.026101960050774,0.029587790561893,0.0089656383250766,0.0110107151160852,0.020240506650076,0.038095242919385,0.021897003881975
"r4s_JC",0.024623441569918,0.022283197393429,0.00113160155148101,-0.0297279484783269,0.030353946989957,0.021632649430313,0.025646602365188
"resvol",-0.0058603219918704,-0.0041023081241161,0.0038141046456773,0.06369573090575,-0.013730716732846,-0.00617646142260216,0.000670801924684994
"rsa",0.03869030852549,0.0296219413507521,0.00476698836415901,0.027143633948319,0.040311248397033,0.045030202800367,0.024369494914945
"seqent",0.02335963216906,0.027222569738147,0.000615848094705995,-0.0190878627370505,0.024512679024824,0.023951136394784,0.025692023324938
