"variable","mean_diff","median_diff","sd_diff","min_diff","q1_diff","q3_diff","max_diff"
"asa",0.147148547710904,0.147383699171188,0.0016879089124008,0.183992724874182,0.153100600329819,0.151560854910613,0.103486762312123
"ddgent",0.128402297226915,0.132059123491477,0.00151187247033691,0.1448468812569,0.117159209137371,0.142203689736969,0.105615894840373
"hbe_mean",-0.02709274941523,-0.030831666940177,-0.014309399532234,0.0538825367882134,-0.017286220211193,-0.038839181442013,-0.139555469867929
"hpshh",0.149048560748165,0.149607409872189,0.0140990340604921,0.0543704900841885,0.13724888487079,0.154428063577606,0.138775842023086
"resvol",-0.0334512440052337,-0.0331309585668919,0.00967037118736511,-0.061613927929839,-0.0809967969829218,0.0849632759650919,0.130337945370577
"rsa",0.12125497789861,0.128098461681494,-0.001015969798585,0.142229709478779,0.124636931652965,0.122854267791073,0.093023256488846
"seqent",0.08923707048428,0.092691468600834,0.00952006336472599,-0.0284601619280522,0.082402564132091,0.101915340894678,0.129679253774361
