"variable","mean_diff","median_diff","sd_diff","min_diff","q1_diff","q3_diff","max_diff"
"asa",0.089033843476099,0.084515221420964,-0.0105808275984229,0.087640259390932,0.104106413229568,0.0901320420345191,0.024468748171622
"ddgent",0.071736395023877,0.0722122125958219,-0.007607514474077,0.079892347257196,0.069445858404051,0.077427217702477,0.05858819553273
"hbe_mean",-0.034691969884506,-0.024639875389303,-0.0139509813705775,-0.0019057517247841,-0.027856096386698,-0.044721169383493,-0.091790599528205
"hpshh",0.109456846652391,0.112952615659579,0.0045957112367649,0.12452968576392,0.096954486950938,0.110974618728855,0.114253817022265
"resvol",0.0211676383323564,0.0247822743830952,0.0024460570376821,-0.103936933761421,-0.0909073753865189,0.111245086614089,0.13613299683219
"rsa",0.0625474696738221,0.0637903363907381,-0.0134201780894933,0.052381949907204,0.0719710723739341,0.0602739382135029,0.00602349149722903
"seqent",0.043755424124522,0.039679624882293,0.000730666336004993,-0.0228863086516391,0.032620868452527,0.05598560070298,0.043261266051238
