"variable","mean_diff","median_diff","sd_diff","min_diff","q1_diff","q3_diff","max_diff"
"ddgent",0.091464266019937,0.091198559736504,-0.01103897393233,0.12408245666734,0.099027772868576,0.082837978790921,0.057948385671168
"hbe_mean",-0.083905294031012,-0.085845628722736,0.0094774394096479,-0.090828804465362,-0.089086300423402,-0.07569090149993,-0.035896343775044
"hpshh",0.044819449950182,0.036620312974523,0.00502495096676629,0.00409389292895801,0.039200320994018,0.049046063634608,0.0903450167206931
"r4s_JC",0.063618380937121,0.0669316511580129,0.00571611904688049,0.024458917608482,0.057571114806947,0.076820916028065,0.0983773497617479
"resvol",-0.241909083604855,-0.236178812591022,-0.0029812104995196,-0.298668318273056,-0.297710638812811,-0.118316922654217,0.250444159040574
"rsa",0.09226423937383,0.090503928668773,-0.0087666772291468,0.114213319478126,0.0973996216122911,0.0873376472110819,0.067237246905396
"seqent",0.062185251864729,0.070666746051431,0.008872170338748,0.0530825419074084,0.063793859661688,0.070118365568521,0.0783144998885811
