"variable","mean_diff","median_diff","sd_diff","min_diff","q1_diff","q3_diff","max_diff"
"asa",0.020899802109771,0.0183980424354651,-0.005488883418914,0.043879407526085,0.020731208604806,0.0178619921747419,0.020795853940097
"ddgent",0.027677971546212,0.025124181674806,-0.0064161087752165,0.0478787096476671,0.03674690205195,0.0235288267082191,0.00738577152712094
"hbe_mean",-0.083207141540622,-0.083055664318276,0.00314089021613839,-0.098058415125859,-0.084724655664815,-0.079600363738339,-0.06115772566696
"hpshh",-0.041164957828862,-0.05568629983199,0.0017305545171222,-0.04545966721318,-0.047714437636362,-0.0354323999259371,-0.008579442517759
"resvol",-0.14334535141076,-0.134089160828266,-0.00707411432027209,-0.201718438555921,-0.200446306228213,-0.0125144302028165,0.14374228516319
"rsa",0.00497718133967096,0.00422828623432203,-0.0027692328673684,0.01190654174685,0.00487238504551302,0.00310623142972499,0.00535636507124904
"seqent",0.028791068734518,0.029839712117132,0.006866333992257,0.0184206335014489,0.017000698797788,0.036649948492255,0.050734201659594
