"variable","mean_diff","median_diff","sd_diff","min_diff","q1_diff","q3_diff","max_diff"
"asa",-0.013386436175056,-0.012558359803189,0.003639211045805,-0.0200382791339331,-0.016952884549186,-0.0117670087474741,0.00305048442342704
"ddgent",0.00693821696167796,0.00546486584333306,-0.000720277123224998,0.000900842397717039,0.00754289103752204,0.00626132582973604,0.00101000939927098
"hbe_mean",-0.058454155576886,-0.055763952471512,0.000735037779594105,-0.077002353353496,-0.055349723849361,-0.06069950910125,-0.043066891380901
"hpshh",0.018276949082954,0.00876974548103504,-0.0022342797519441,0.018457265530816,0.022574840800933,0.0172650249200089,0.0294109414761901
"resvol",0.043337640923018,0.051113653566191,0.005744938369276,0.040217800289799,0.048091590157734,0.041172492235161,-0.032946528613504
"rsa",-0.0113937728935061,-0.010399448426198,0.0036089894250168,-0.018293815111473,-0.0153629141862359,-0.00989733190670505,0.00346188973323802
"seqent",0.013156761190204,0.022438017008592,0.004940374352832,-0.0029492427795349,0.00529228796949605,0.019386736415252,0.0252696684059199
