"variable","mean_diff","median_diff","sd_diff","min_diff","q1_diff","q3_diff","max_diff"
"ddgent",0.024597223109461,0.027087410092222,-0.0046750707000053,0.038243670354823,0.027752033247759,0.020339005914763,0.012835131564649
"hbe_mean",-0.020481359340326,-0.021906864411432,0.0017670299225124,-0.014445742458724,-0.022853402041656,-0.016213928123799,-0.015514834461627
"hpshh",-0.038662868599369,-0.034414344254804,0.0027924479115935,-0.0523533172224139,-0.038507132335857,-0.037338770250423,-0.0261272295502409
"r4s_JC",0.020709417361766,0.026322141326384,0.000694727193993092,0.021654689654843,0.02025835680184,0.026706727553006,0.029416695318371
"resvol",-0.213135978055667,-0.219202625684948,-0.0057166202088023,-0.186625120367139,-0.217997492346904,-0.204203450990823,0.124970338497027
"rsa",0.0203665396570211,0.0184384227734971,-0.0054776779984613,0.03317229361272,0.025288659789792,0.0145098932011509,0.010755885575345
"seqent",0.019774448900763,0.021144039149513,0.002994207802966,0.0159021249074569,0.028143873059225,0.0217664631276889,0.027427703291388
