"variable","mean_diff","median_diff","sd_diff","min_diff","q1_diff","q3_diff","max_diff"
"asa",-0.064617708759965,-0.0647997002690429,0.0034412399376397,-0.0874590149484961,-0.0678329132262809,-0.062042509558116,-0.053330236228645
"ddgent",-0.033258890954176,-0.031882860710905,-0.000634417853132403,-0.038367423247668,-0.029842485342327,-0.032681552848887,-0.039458340036671
"hbe_mean",-0.012932434745647,-0.011081921208422,-0.00549276239476271,-0.00342020937273202,-0.010416116723047,-0.016229380109663,-0.044519373985724
"hpshh",-0.120673409392388,-0.125188225340683,0.000669223663777196,-0.0994189692707904,-0.125972658291557,-0.117053654849143,-0.127912666105473
"rsa",-0.059018914676666,-0.060826464136752,0.0016814710475662,-0.060759842601144,-0.061199952145494,-0.0611185241764161,-0.046611142688068
"seqent",-0.014920601236862,-0.014157074621184,0.00131724127705,-0.0174119315626782,-0.021628700981368,-0.0103688100265901,0.00568558843557398
