"variable","mean_diff","median_diff","sd_diff","min_diff","q1_diff","q3_diff","max_diff"
"asa",0.032539597353442,0.030500241894553,-0.0086936078650817,0.0640774120084371,0.03775067666188,0.0289518239220721,0.00434563694053092
"ddgent",-7.93335034590115e-05,0.000120477318214962,-0.0035098736235196,0.00628995015718692,0.00564315776961999,-0.00185267971154301,-0.00582742310102802
"hbe_mean",0.029218671897725,0.022770722355244,0.001033571472789,0.042543197899641,0.025535673022093,0.029479537292556,0.0160673203146471
"hpshh",-0.081536298154984,-0.078347808218601,0.0045578122700153,-0.080924534449524,-0.095968427200203,-0.0727954835720729,-0.0900758618977811
"resvol",-0.131531030130698,-0.125997112946325,-0.0143050704071444,-0.29455242637022,-0.253962062491229,-0.00727662794553599,0.173899527499593
"rsa",0.012781250554821,0.0107848455437111,-0.006161268848724,0.03113341987607,0.017927703973784,0.00930817445535004,-0.00740560729762008
"seqent",-0.00600601842066301,-0.01683224888936,-0.00295928657884399,0.0209906697577919,-0.001988991212867,-0.005881954012667,-0.00530713017275197
