"variable","mean_diff","median_diff","sd_diff","min_diff","q1_diff","q3_diff","max_diff"
"asa",-0.0671729721132109,-0.0673506331884599,0.0038919727584754,-0.094261852024301,-0.069201862967241,-0.064996604171943,-0.054485177734618
"ddgent",-0.035196930163351,-0.0348607687813459,-0.000683039411795899,-0.038675909340829,-0.030573683289424,-0.0361073277329129,-0.040431985460858
"hbe_mean",-0.016159920162214,-0.015413978315932,-0.0053800825309625,-0.00901722653303599,-0.013398050787608,-0.018802723475783,-0.041080829441291
"hpshh",-0.121492863192697,-0.123829838164726,0.000378526873371698,-0.0997242674029739,-0.125498947694307,-0.11666506694212,-0.127307914213581
"resvol",-0.114199592544125,-0.116582567026692,-0.008879231933486,-0.098298238680769,-0.120704009811057,-0.0975891166570646,0.024201869481504
"rsa",-0.062109148545499,-0.062922858822787,0.0015461984439914,-0.067042797174427,-0.063417435023,-0.0635356417274471,-0.0488009739840291
"seqent",-0.013905476369765,-0.015469016750504,0.00131742516750601,-0.0168754059677783,-0.019212432020803,-0.012645532668768,0.0043860579819569
