"variable","mean_diff","median_diff","sd_diff","min_diff","q1_diff","q3_diff","max_diff"
"asa",0.00207819817514499,0.00185907071926295,-0.000207726130372499,0.00493622217040501,0.00338104326114297,0.00161965300278699,0.00163599726914099
"ddgent",0.00186084018902299,0.00094011289086704,-9.6567767296496e-08,0.00177058899572391,0.000888270642610989,0.00218214002850903,0.000215214048051027
"hbe_mean",0.002190506503081,0.000313411755782977,-0.000459193608715297,0.00669376196381899,0.00208437999816902,0.00515353990783801,-0.000878346107122008
"hpshh",0.00126267296690902,-0.00111626544028204,0.000341139389379713,0.00146660619055571,0.000363235811004003,0.00124960940110502,-0.00551511464599508
"rsa",0.00229646991080601,0.00266460012754699,9.30187478325011e-05,0.00237151232478894,0.00304887996301606,0.00380004722687,-0.00100136509705906
"seqent",-0.000567438486076988,-0.00399077912026002,-0.000215308968688002,-0.0012788449031946,-0.00265375922254096,0.00130885561940708,-0.000433430508542054
