"variable","mean_diff","median_diff","sd_diff","min_diff","q1_diff","q3_diff","max_diff"
"asa",0.00403030878365995,0.00554640929038497,0.0005295861742876,0.00415751967709099,0.00503023595336904,0.004428188441987,-0.00619646953302999
"ddgent",-0.01649520629509,-0.0154701881337209,0.0017173724906131,-0.039463042177162,-0.018555916685606,-0.013996185873771,-0.0146784516172299
"hbe_mean",0.05888801639922,0.059846110906073,-0.00169403002382379,0.064477002112396,0.058758480645704,0.055870751627835,0.0318667783951649
"hpshh",-0.01873107729723,-0.011267561640016,0.0013014618189575,-0.01701289276026,-0.021212561230424,-0.017402020693376,-0.047225276537902
"resvol",0.0587584498307603,0.0651677737561531,-0.0018842261788491,-0.057245809287659,-0.002530156553219,0.0504281642969715,-0.002753584612875
"rsa",0.00167911334270499,0.00148935699549702,0.0014000863609317,0.00306772781254094,0.00307857405741607,0.001514389346713,-0.001221204906655
"seqent",-0.022500672693785,-0.026201835227021,-0.005147918741062,-0.001278729351532,-0.014789568834923,-0.0261043157367861,-0.0265412446701
