"variable","mean_diff","median_diff","sd_diff","min_diff","q1_diff","q3_diff","max_diff"
"asa",-0.053786535938155,-0.0547922733852709,0.000252761712670403,-0.074223572890368,-0.052248978418055,-0.0532295954244689,-0.0575356621580451
"ddgent",-0.042135147125029,-0.040325634624679,3.72377114290987e-05,-0.039576751738546,-0.038116574326946,-0.042368653562649,-0.041441994860129
"hbe_mean",0.042294235414672,0.04034997415558,-0.00611512031055661,0.06798512682046,0.041951673061753,0.041896785625467,0.00198606193961004
"hpshh",-0.139769812275651,-0.132599583645761,0.00261280662531579,-0.11818153293379,-0.14807378849524,-0.133930091862129,-0.156718855689771
"resvol",-0.157537233467143,-0.167696220592883,-0.014624170302762,-0.138516038970568,-0.168795599968791,-0.138761608892226,0.057148398095008
"rsa",-0.0507153756519929,-0.052523410396589,-0.0020627909810254,-0.048748982062954,-0.0480545208367641,-0.053638309820742,-0.0522628637172671
"seqent",-0.027062237559969,-0.037907033759096,-0.00362294918532599,-0.0139261631882434,-0.024504719990299,-0.03203226908402,-0.020883610423963
