"variable","mean_diff","median_diff","sd_diff","min_diff","q1_diff","q3_diff","max_diff"
"asa",-0.081692671763206,-0.080882511641144,0.0082879106265439,-0.126561925652595,-0.085249662077832,-0.077607671729927,-0.0590903603234619
"ddgent",-0.038256934223372,-0.0365280909815859,0.0035956363258449,-0.043787626806848,-0.0421402635068581,-0.034908058938571,-0.034425712286863
"hbe_mean",0.018493555436595,0.022224720663629,-0.00772056525586111,0.037732708044942,0.02148231410239,0.020144131606869,-0.0183981490265921
"hpshh",-0.056151387353449,-0.056726428043399,-0.00131316946491429,-0.0354850941615267,-0.052215836081283,-0.060273586795974,-0.072762860329877
"resvol",-0.025292093989461,-0.0387617504079881,0.000227124126919304,0.167875219221684,0.0895100003290782,-0.132970315795506,-0.112837650651004
"rsa",-0.0581099224271749,-0.058547261126718,0.0043267692191059,-0.071227935040952,-0.060715861970026,-0.056729319498191,-0.043668790220745
"seqent",-0.02263878249248,-0.023753621860676,-0.000879155465626003,-0.0367322034441298,-0.027585756960538,-0.022564736809768,-0.014710380306136
