"variable","mean_diff","median_diff","sd_diff","min_diff","q1_diff","q3_diff","max_diff"
"asa",0.03808121780476,0.037984985869003,-0.0055495956540308,0.038483047841646,0.043352543227053,0.03546267926875,0.0233890791429869
"ddgent",0.0245993300010621,0.027488054356919,-0.0046934003384335,0.038243670354823,0.027752033247759,0.019330406272778,0.012835131564649
"hbe_mean",-0.020645138149069,-0.02245272495617,0.0018615445448926,-0.014445742458724,-0.022853402041656,-0.016623517983487,-0.015514834461627
"hpshh",-0.038954618484629,-0.036175715199845,0.002664153126073,-0.0523533172224139,-0.038507132335857,-0.037338770250423,-0.0261272295502409
"resvol",-0.213405321157393,-0.22023853738867,-0.00539902584890679,-0.186625120367139,-0.215608606770741,-0.198522288455982,0.124970338497027
"rsa",0.0202902808495531,0.0186817904575139,-0.0052850861292367,0.03317229361272,0.02503053316297,0.014490497820312,0.010755885575345
"seqent",0.019837597704096,0.023240561742508,0.00294305514793601,0.0159021249074569,0.027452081900539,0.020794303478877,0.027427703291388
