"variable","mean_diff","median_diff","sd_diff","min_diff","q1_diff","q3_diff","max_diff"
"ddgent",0.067016730386806,0.068368203756114,-0.0083187883458227,0.084110372250556,0.074075151266552,0.060380180782596,0.04844970332375
"hbe_mean",-0.033916543733962,-0.0396625677316,0.0083649688338777,-0.039887671379543,-0.039269402081316,-0.031213841921109,-0.00143357608659
"hpshh",0.019790384303501,0.01955935073178,0.0046887298488099,-0.015096318738148,0.01359822895918,0.023795838039633,0.040515764241749
"r4s_JC",0.041494206250124,0.044531366652654,0.000609232214367997,0.0299637414058539,0.041914473103573,0.047888002606402,0.0533290252513809
"resvol",-0.189743937850415,-0.178739998281687,-0.0051367367837081,-0.342661507766791,-0.304068181681151,-0.070856765043645,0.241721467901612
"rsa",0.084129152631073,0.082317227272856,-0.0094535259506141,0.113054695551744,0.0912708846003401,0.077919277182999,0.055613141994992
"seqent",0.041146824360161,0.043693774305081,0.003903561374916,0.0508189578534922,0.051198687932567,0.045236093803521,0.0430041835425991
