"variable","mean_diff","median_diff","sd_diff","min_diff","q1_diff","q3_diff","max_diff"
"ddgent",0.00360055961996797,0.003327132267817,-0.0003997368695417,-0.000715832675979078,0.00217011055226701,0.00385694302446404,-0.00270450288145996
"hbe_mean",0.00407369681444802,0.003669137831808,-0.000534297863572897,0.012658126586185,0.00509370649546098,0.00456928444445798,-0.000304613087747985
"hpshh",0.00293234521350405,0.00335064806742497,0.000818517477260999,0.002182609961578,-7.7056728070013e-05,0.00480277813040497,-0.0022562254248879
"r4s_JC",-0.000812273128731,0.00111712771650796,0.000490996293710091,0.00455104654317195,-0.000431992703336936,0.002569892279351,0.00323648524588793
"resvol",0.0028282590629033,0.0025728669367601,0.000451533299239693,-0.00862299803076499,-0.0015404552225965,0.0050176569128256,0.005933404861861
"rsa",0.00454268321171492,0.00458795036234705,0.000962643710073201,0.00209168694412898,0.00382114175398607,0.00574300045556297,0.00232402227477291
"seqent",-0.00084260439103695,0.00251080184606101,-0.000119986287588997,0.00188437753072429,0.000135704820304006,0.00229954810662103,0.00453865291955602
