"variable","mean_diff","median_diff","sd_diff","min_diff","q1_diff","q3_diff","max_diff"
"asa",0.00137651791212301,0.000350440413257047,-0.000223734971712901,-0.000426870151993941,0.00118608680772203,0.001053723738065,0.011328565624213
"ddgent",0.0204626614131339,0.019000867290658,-0.0022519832226777,0.0402492172447191,0.022585020478425,0.017781204757916,0.011541081953571
"hbe_mean",-0.054238334001456,-0.050723052511363,0.0010335336725006,-0.052709401493766,-0.053829021816993,-0.050030302874537,-0.030493478705661
"hpshh",0.022065539127539,0.016390762741144,-0.000371909236942206,0.018033373892181,0.020879755857703,0.021696163740427,0.0500639914015599
"rsa",0.00330369391790197,0.00308524002893795,-0.000300271516178802,-0.000409128050061991,0.00242085090300503,0.00453035125108703,0.00233286439701896
"seqent",0.021672280799178,0.026020552472675,0.004908457016773,0.0015227923864001,0.016187839096572,0.023265335342161,0.0315685058187749
