"variable","mean_diff","median_diff","sd_diff","min_diff","q1_diff","q3_diff","max_diff"
"ddgent",-0.000111618632521959,0.000378481407843911,-0.003440879163406,0.00628995015718692,0.00819512379925591,-0.00149894042508003,-0.00582742310102802
"hbe_mean",0.029327613101095,0.02291609173811,0.000717187331975802,0.042543197899641,0.025535673022093,0.027036955835213,0.0160673203146471
"hpshh",-0.081157797757385,-0.078042608119254,0.00461434192021021,-0.080924534449524,-0.095968427200203,-0.0727954835720729,-0.0900758618977811
"r4s_JC",-0.00563601034342598,-0.00490645584687699,-0.0035711537524038,0.022334214909411,0.00211582385320502,-0.00731701062502499,-0.022897111187813
"resvol",-0.133293917136584,-0.126190719267032,-0.0147730301596293,-0.29455242637022,-0.25572666314495,-0.008296723679102,0.173899527499593
"rsa",0.012828093357505,0.0108737309757649,-0.0063145233148284,0.03113341987607,0.017994703597176,0.00910912971154398,-0.00740560729762008
"seqent",-0.00632375953286202,-0.01614008382972,-0.003136893431659,0.0209906697577919,-0.001963440079709,-0.00836878525151397,-0.00530713017275197
