"variable","mean_diff","median_diff","sd_diff","min_diff","q1_diff","q3_diff","max_diff"
"ddgent",0.087863706399969,0.087871427468687,-0.0106392370627883,0.124798289343319,0.096857662316309,0.078981035766457,0.060652888552628
"hbe_mean",-0.08797899084546,-0.089514766554544,0.0100117372732208,-0.103486931051547,-0.094180006918863,-0.080260185944388,-0.035591730687296
"hpshh",0.0418871047366779,0.033269664907098,0.00420643348950529,0.00191128296738001,0.039277377722088,0.044243285504203,0.092601242145581
"r4s_JC",0.064430654065852,0.065814523441505,0.0052251227531704,0.01990787106531,0.0580031075102839,0.074251023748714,0.09514086451586
"resvol",-0.244737342667758,-0.238751679527782,-0.0034327437987593,-0.290045320242291,-0.296170183590214,-0.123334579567043,0.244510754178713
"rsa",0.0877215561621151,0.0859159783064259,-0.00972932093922,0.112121632533997,0.093578479858305,0.081594646755519,0.0649132246306231
"seqent",0.063027856255766,0.06815594420537,0.008992156626337,0.0511981643766841,0.063658154841384,0.0678188174619,0.0737758469690251
