"variable","mean_diff","median_diff","sd_diff","min_diff","q1_diff","q3_diff","max_diff"
"asa",0.088349559357458,0.086304669234032,-0.008663827473462,0.132765319374806,0.092519774857966,0.0828337546834139,0.0762699343983559
"ddgent",0.0630516569608619,0.059200366455047,-0.0060169875773145,0.084892022995526,0.0693010260317131,0.058409215356804,0.045315055381037
"hbe_mean",-0.067674093482749,-0.067034101918923,0.00830995185004761,-0.082829651502419,-0.070754936698277,-0.060538165369959,-0.017050546375372
"hpshh",0.081082070954168,0.072712847881961,0.0014647803908991,0.0548524349360144,0.076869265565248,0.084077977186962,0.119252991933345
"rsa",0.066703130787674,0.067236144539417,-0.0036991526939052,0.07410508248995,0.0686475303987061,0.067868462498987,0.0536790207303469
"seqent",0.043270108556092,0.043279198188918,0.00554298932224,0.0369681033684823,0.039265951350389,0.0478932664044831,0.0480320154952799
