"variable","mean_diff","median_diff","sd_diff","min_diff","q1_diff","q3_diff","max_diff"
"asa",0.0237318505974931,0.0215049689649891,-0.0052225875358223,0.04530630442631,0.0246868616316851,0.020791245125298,0.022939698169711
"ddgent",0.0297927660066859,0.027317505744142,-0.0066514054304469,0.0465245997478581,0.039458540689386,0.025727662507917,0.00585671534436594
"hbe_mean",-0.080606528228396,-0.078116023127345,0.0028171894552849,-0.086249860875151,-0.081171053421324,-0.076767545479622,-0.061569920361096
"hpshh",-0.03959133843822,-0.052475377458722,0.0021340040546763,-0.044566534334776,-0.049103392726309,-0.032975677662181,-0.00865967417212798
"rsa",0.007684216111008,0.00640968040266499,-0.002017681646339,0.013345239888806,0.00744757825321207,0.00674993832257098,0.00706787804227893
"seqent",0.02834950731923,0.029122123567734,0.00686023059929,0.0195561718058041,0.017637250369021,0.037524456377893,0.0537176039308539
