"variable","mean_diff","median_diff","sd_diff","min_diff","q1_diff","q3_diff","max_diff"
"asa",0.00577694971504494,0.00600256963448598,9.50995746502991e-05,0.00399779432867198,0.00496365244548103,0.00510536544213092,0.00720326304310903
"ddgent",0.00432388179290299,0.00406865037953708,-0.0004685855378588,0.00122487491560108,0.00500493655920198,0.00512399471625502,-0.00247526638835194
"hbe_mean",0.00491635853775901,0.00978367670406499,-0.000321749060068502,0.000877742440392015,0.00384787580815699,0.00749035969819001,-0.0022913762055411
"hpshh",0.00336331394593797,0.00262420126556001,0.000708483818008504,-5.2910547320012e-06,0.00446658753248402,0.00269603803275098,0.00486020136593002
"resvol",0.0036064876276798,0.005962072308021,-0.000398208461252797,-0.00462962176315901,0.0028940095520637,0.00401786980453001,3.57016642260066e-05
"rsa",0.00526881702106097,0.00533224611230598,0.0011831329172705,0.00213466479479396,0.00538616931538105,0.005209778227793,0.00807887772897609
"seqent",-0.00086034672880797,-0.001967891229121,-0.000262672522793009,-0.000899522828340105,-0.001092166793764,-0.00295914964711608,0.00423041875632602
