"variable","mean_diff","median_diff","sd_diff","min_diff","q1_diff","q3_diff","max_diff"
"ddgent",0.060152704022459,0.0627631112588241,-0.0040613630543243,0.076919579695652,0.058451588416214,0.056326817813346,0.053267117025507
"hbe_mean",-0.00479446389396504,-0.00616027414689596,0.00671569553933181,-0.00542851592568799,-0.00945535125404801,0.001019708744811,0.0255659949796639
"hpshh",0.082639353823644,0.088955964739088,0.0022283807269492,0.04737095018056,0.08699181535845,0.0793262966916971,0.10118068466334
"r4s_JC",0.03231378526968,0.029411332916131,0.000474014064938591,0.021768705393567,0.024964891379774,0.0368275464136469,0.044688466530598
"resvol",-0.099686289272145,-0.102551184866317,0.0037566937714744,-0.08832688168637,-0.093799811522557,-0.10329493188681,0.100768469015523
"rsa",0.0826739718460561,0.081718510907736,-0.0067876786817267,0.100215090787147,0.088706094812792,0.078542968862957,0.0595568595593741
"seqent",0.034025138073124,0.039473152881415,0.00182626590569901,0.0327775308752352,0.047714695309373,0.031768549241846,0.0230416453094311
