"variable","mean_diff","median_diff","sd_diff","min_diff","q1_diff","q3_diff","max_diff"
"asa",0.092971698435996,0.0915118868382769,-0.0090284301798166,0.141394997069955,0.096034693808054,0.0878528182966529,0.079149272349888
"ddgent",0.0664924363441199,0.064057097150657,-0.006124449531725,0.085838786312517,0.071020445865732,0.0632684084838699,0.045113254106519
"hbe_mean",-0.062964849076304,-0.061530840700239,0.0079330065063896,-0.076383062006638,-0.066232898381746,-0.057935111775412,-0.020381509313417
"hpshh",0.083197128739244,0.071494186400161,0.00219458198137311,0.0564472101513719,0.077707453329875,0.086160526472423,0.116472246270934
"resvol",-0.0262830745534076,-0.014327891182319,0.0022697391531684,-0.112043197905917,-0.0818633865665569,0.0848026432367603,0.125473820543547
"rsa",0.0716269917117229,0.07141002811509,-0.0033644870441855,0.081041025865406,0.0721109618224991,0.072384873612735,0.056481361330051
"seqent",0.04190767092998,0.046393395054677,0.00550070923955799,0.0371804169999515,0.035871506130957,0.048885159642424,0.0508867965971931
