"variable","mean_diff","median_diff","sd_diff","min_diff","q1_diff","q3_diff","max_diff"
"asa",-0.051231272584909,-0.0522413404658539,-0.000197971108165298,-0.067420735814563,-0.050880028677095,-0.0502755008106419,-0.056380720652072
"ddgent",-0.040197107915854,-0.037347726554238,8.58592700925948e-05,-0.039268265645385,-0.0373853763798491,-0.038942878678623,-0.040468349435942
"hbe_mean",0.045521720831239,0.04468203126309,-0.00622780017435681,0.073582143980764,0.044933607126314,0.044470128991587,-0.001452482604823
"hpshh",-0.138950358475342,-0.133957970821718,0.00290350341572129,-0.117876234801606,-0.14854749909249,-0.134318679769152,-0.157323607581663
"rsa",-0.0476251417831599,-0.050427015710554,-0.0019275183774506,-0.042466027489671,-0.0458370379592581,-0.051221192269711,-0.050073032421306
"seqent",-0.028077362427066,-0.036595091629776,-0.00362313307578199,-0.0144626887831433,-0.026920988950864,-0.0297555464418421,-0.0195840799703459
