"variable","mean_diff","median_diff","sd_diff","min_diff","q1_diff","q3_diff","max_diff"
"asa",0.00664556514439896,0.00621937155845298,-8.20606020645008e-05,0.00309401217115002,0.00603503872811895,0.00567139895011193,0.017267973251312
"ddgent",0.02443662272255,0.0236109852077631,-0.0025773381967763,0.039972084416784,0.0272607137691659,0.022752434632764,0.00949868234741802
"hbe_mean",-0.049889285559357,-0.043951588899903,0.000784314723043994,-0.050941133085819,-0.049816898342086,-0.045517863442501,-0.034462767688454
"hpshh",0.024963614618577,0.017242410973001,0.000249576336673607,0.019190211667106,0.025602092034838,0.025025918182367,0.0498292524789441
"resvol",-0.0522892778898529,-0.0560269988288776,0.0019506392575508,0.043993189493735,0.0033030759558813,-0.0466823377099293,0.00872269113896201
"rsa",0.00813036550490898,0.00810177217478991,0.000733990823513098,0.001158623926382,0.00612873701195105,0.00943838933664298,0.011624104910404
"seqent",0.020851451790674,0.025318610184941,0.00483704663307599,0.00226358405391619,0.013355777353525,0.022734844571071,0.035310316345982
