"variable","mean_diff","median_diff","sd_diff","min_diff","q1_diff","q3_diff","max_diff"
"asa",0.00257477820806096,0.00278992317411797,3.95553194829992e-05,0.00230375262487204,0.00226066973421202,0.00255265922949599,0.00298825186156904
"ddgent",0.00185266065756995,0.00133735508760102,-0.000299314076834197,0.00214028496736607,0.001317465155383,0.00158618308444702,-0.00160831348090396
"hbe_mean",0.00204906908553804,0.00418341720377896,-0.000336795590469702,-4.09536320779835e-05,0.00137585658521999,0.00300763049458097,0.00178549438363995
"hpshh",0.00176084243966701,0.00191227872785998,0.000526103044461199,0.000127348253516998,0.00105614971722601,0.00183742078329502,0.00291894651802693
"rsa",0.00227577248926991,0.00239320285609201,0.000348263623723498,0.00121990162052299,0.00292423175272205,0.00240103370495404,-0.000599853480665935
"seqent",-0.000386830479318978,0.000536305795052039,-0.000233358331322001,-0.000891475269487102,0.000761718690416024,-0.00371348828026308,0.00204385887741498
