"variable","mean_diff","median_diff","sd_diff","min_diff","q1_diff","q3_diff","max_diff"
"asa",0.091867753742915,0.0927772592542739,-0.0058023573667012,0.112706620732014,0.0956015216451079,0.0886922746932189,0.080924741301032
"ddgent",0.066734477126091,0.067813688981598,-0.0047306380498626,0.077820422093369,0.065868607574705,0.061699059835427,0.054277126424778
"hbe_mean",-0.062939373563741,-0.06280269911175,0.00797666485544921,-0.082430869279184,-0.064805075103409,-0.058520303608954,-0.0175008964012371
"hpshh",0.100815193791022,0.096423868445916,5.13465007572073e-05,0.065828215711376,0.109566656159383,0.096591321611706,0.13059162613953
"resvol",-0.05586808769025,-0.052542316795787,0.00922514445385521,-0.048109081396571,-0.04681300680195,-0.059760679563756,0.067821940402019
"rsa",0.071005656501546,0.071205200854103,-0.0032222951482113,0.081921275675674,0.0730850539997341,0.068128807641054,0.0630187492926121
"seqent",0.046899835264065,0.061147595501604,0.006566004333262,0.0298282880957003,0.051956801890838,0.052826572562897,0.048311313715351
