"variable","mean_diff","median_diff","sd_diff","min_diff","q1_diff","q3_diff","max_diff"
"asa",0.00206687572529196,0.00265628468482793,8.61301144811002e-05,0.00182684061934402,0.00214596920912791,0.002064968999412,0.001724396445559
"ddgent",0.00150274017408303,0.00187882262516903,-0.000156083513074001,0.000638277223829919,0.000988221886921936,0.00143341824304,-0.00117544669870495
"hbe_mean",0.00148175898987801,0.001171204111174,-0.000264265479857806,0.000849572335477,0.00154010425196999,2.97102284270157e-05,0.000107581606388019
"hpshh",0.00129560398476702,0.000139725694156989,0.000439104800068507,0.00128947708317401,0.00131189836187701,0.00247113719248399,-0.00217599377051891
"rsa",0.00183362705521595,0.00207748888963799,0.000199393046144899,0.000652988802173016,0.00124594854628701,0.00209929356271699,0.000612509303743014
"seqent",-0.000347312759015006,0.00180225473643897,-4.20961922260044e-05,0.000748839226369091,-0.000978176258866981,-0.00128482940423702,0.00155525064829609
