"variable","mean_diff","median_diff","sd_diff","min_diff","q1_diff","q3_diff","max_diff"
"asa",0.034286238284827,0.030956402238654,-0.009128094464719,0.0639176866600181,0.037684093153992,0.029629000922216,0.0177453695166699
"ddgent",0.020739754584534,0.019659315831473,-0.0056958316519915,0.04697786724995,0.0292040110144279,0.0172675008784831,0.00637576212784996
"hbe_mean",-0.024752985963736,-0.027291711846764,0.00240585243654429,-0.021056061772363,-0.029374931815454,-0.018900854637089,-0.018090834286059
"hpshh",-0.059441906911816,-0.064456045313025,0.0039648342690663,-0.063916932743996,-0.070289278437295,-0.052697424845946,-0.0379903839939491
"resvol",-0.186682992333778,-0.185202814394457,-0.0128190526895481,-0.24193623884572,-0.248537896385946,-0.0536869224379775,0.176688813776694
"rsa",0.016370954233177,0.01462773466052,-0.0063782222923852,0.030200356858323,0.0202352992317489,0.01300356333643,0.00189447533801101
"seqent",0.015634307544314,0.00740169510854,0.001925959639425,0.0213698762809838,0.011708410828292,0.017263212077003,0.025464533253674
