"variable","mean_diff","median_diff","sd_diff","min_diff","q1_diff","q3_diff","max_diff"
"asa",0.02235533268537,0.0211545285517321,-0.0049988525641094,0.0457331745783039,0.0235007748239631,0.0197375213872329,0.0116111325454979
"ddgent",0.00933010459355199,0.00831663845348407,-0.0043994222077692,0.00627538250313897,0.016873520210961,0.00794645775000102,-0.00568436660920502
"hbe_mean",-0.02636819422694,-0.027392970615982,0.0017836557827843,-0.033540459381385,-0.027342031604331,-0.026737242605085,-0.031076441655435
"hpshh",-0.061656877565759,-0.068866140199866,0.00250591329161851,-0.062599908226957,-0.069983148584012,-0.0546718414026081,-0.0587236655736879
"rsa",0.00438052219310603,0.00332444037372703,-0.0017174101301602,0.013754367938868,0.00502672735020704,0.00221958707148395,0.00473501364525997
"seqent",0.00667722652005198,0.00310157109505899,0.001951773582517,0.018033379419404,0.00144941127244902,0.014259121035732,0.022149098112079
