"variable","mean_diff","median_diff","sd_diff","min_diff","q1_diff","q3_diff","max_diff"
"ddgent",0.071342659181577,0.071836785016771,-0.0088027920259216,0.085335247166157,0.077609028639048,0.065057015519086,0.045974436935398
"hbe_mean",-0.029021446445722,-0.033821043299996,0.0080964882444957,-0.039009928939151,-0.035421526273159,-0.024236057199545,-0.0037249522921311
"hpshh",0.023205444498405,0.023412393405512,0.0053754633428988,-0.01510160979288,0.018064816491664,0.026491876072384,0.045375965607679
"r4s_JC",0.040650743372044,0.045251024586746,0.00105350149238549,0.03286586608564,0.039746348360369,0.0481415359406729,0.055344828495467
"resvol",-0.186187831036897,-0.175613952176104,-0.005581027848099,-0.34729112952995,-0.301273333414955,-0.068516530820935,0.241757169565838
"rsa",0.0894029040494201,0.087476896528897,-0.0082656702603911,0.115189360346538,0.0966570539157211,0.083138880638295,0.0636920197239681
"seqent",0.040259095203127,0.042023317404661,0.003589599592679,0.0499194350251521,0.049152763370808,0.045684057159443,0.0472346022989251
