"variable","mean_diff","median_diff","sd_diff","min_diff","q1_diff","q3_diff","max_diff"
"asa",0.088072774222982,0.085748675623925,-0.0093808561773894,0.138141259550386,0.089933071572047,0.0828585963466849,0.075281031674715
"ddgent",0.062874901709563,0.0599849504561519,-0.0057330693634206,0.086554618988496,0.067320585341374,0.059636154441132,0.047817756987979
"hbe_mean",-0.067047221378408,-0.067641686002344,0.0085209727471009,-0.089041188592823,-0.071326604877207,-0.060797640262556,-0.020076896225669
"hpshh",0.080327905363835,0.068143538332736,0.0013520276437505,0.0542646001897939,0.077784510057945,0.081232667016183,0.118728471695822
"resvol",-0.0291457588666352,-0.0175065938015735,0.00180511761321391,-0.103420199875152,-0.0797422964171555,0.0850746864542481,0.119540415681686
"rsa",0.0670863298851699,0.0671511450571091,-0.0043154313113598,0.078949338921277,0.068289820068513,0.0666418731571721,0.0541573390552781
"seqent",0.042696545104283,0.045308728867636,0.00554890882475099,0.0352960394692272,0.036213130818591,0.049295481161023,0.0463481436776371
