"variable","mean_diff","median_diff","sd_diff","min_diff","q1_diff","q3_diff","max_diff"
"asa",0.00119826029593795,0.00243948276086092,0.0002632902911959,0.00273062277686598,0.00107458292648999,0.00149893549143099,-0.00834031376264399
"ddgent",-0.018610000755564,-0.017663512203057,0.0019526691458435,-0.038108932277353,-0.021267555323042,-0.016195021673469,-0.0131493954344749
"hbe_mean",0.056287403086994,0.054906469715142,-0.0013703292629703,0.052668447861688,0.055204878402213,0.053037933369118,0.0322789730893009
"hpshh",-0.020304696687872,-0.014478484013284,0.000898012281403404,-0.017906025638664,-0.019823606140477,-0.019858742957132,-0.047145044883533
"rsa",-0.00102792142863206,-0.000692037172845938,0.0006485351399023,0.00162902967058498,0.000503380849717017,-0.00212931754613299,-0.0029327178776849
"seqent",-0.022059111278497,-0.025484246677623,-0.00514181534809501,-0.0024142676558872,-0.015426120406156,-0.0269788236224241,-0.0295246469413599
