"variable","mean_diff","median_diff","sd_diff","min_diff","q1_diff","q3_diff","max_diff"
"asa",0.042714679333151,0.0423949895076829,-0.006208054605239,0.050222107087856,0.0481025362291559,0.040036426885364,0.026180017918101
"ddgent",0.0283982093992601,0.031406075318227,-0.0046448753475373,0.040322745443708,0.029371501837467,0.024938321185313,0.014023991036887
"hbe_mean",-0.015227146229421,-0.017807256092877,0.0012896710723771,-0.00215496333460102,-0.017787087978926,-0.00889663470952901,-0.0198317251131821
"hpshh",-0.036872491717411,-0.0386503678160841,0.00329598930585821,-0.0505814128996747,-0.038617607122103,-0.036477748756341,-0.032247096088128
"rsa",0.0256769846291921,0.023442785271096,-0.0050567947778294,0.0418267605107919,0.0302968960034921,0.020707662598213,0.011944351774247
"seqent",0.018255034350922,0.020561724751568,0.00272756228879201,0.0140867544093624,0.022382053717433,0.024379881740462,0.028293803236463
