"variable","mean_diff","median_diff","sd_diff","min_diff","q1_diff","q3_diff","max_diff"
"asa",0.0921030830066419,0.0912950849143099,-0.0088512700031018,0.142298779227477,0.094963307525416,0.0872867847886719,0.069084562141685
"ddgent",0.046379695414473,0.044514762322431,-0.0040156968728075,0.047091576811334,0.048764668655768,0.045639968567361,0.0331393053707491
"hbe_mean",-0.00815920497918798,-0.00779557509627105,0.00682694272327711,-0.024564186480427,-0.012568124231503,-0.00492688863472102,0.0117898821694959
"hpshh",0.061596828066605,0.05687597669272,0.00265348946270801,0.0372517074295339,0.056571948827521,0.063830646322807,0.0715031951579199
"resvol",0.0296126909641251,0.0476611799545796,-7.91085656351997e-05,-0.160666009162811,-0.0822724529703745,0.13550285075122,0.116786831068811
"rsa",0.0687654432278749,0.0686405020526061,-0.0029153449504281,0.0820170667338179,0.0713683941259291,0.0681562625038851,0.0529361341486231
"seqent",0.020195872410498,0.019106893640615,0.00040099008368899,0.0340173101176952,0.021423561983668,0.0231911654242369,0.0198068990075371
