"variable","mean_diff","median_diff","sd_diff","min_diff","q1_diff","q3_diff","max_diff"
"asa",0.087469621478251,0.08688508127563,-0.0081928110518936,0.130559719981267,0.090213314523313,0.0827130371720579,0.066293623366571
"ddgent",0.0425808160162749,0.040596741361123,-0.0040642218637037,0.0450125017224491,0.04714520006606,0.040032053654826,0.031950445898511
"hbe_mean",-0.013577196898836,-0.012441043959564,0.00739881619579261,-0.03685496560455,-0.017634438294233,-0.012653771908679,0.016106772821051
"hpshh",0.059514701299387,0.059350629308959,0.00202165328292279,0.0354798031067947,0.056682423613767,0.062969624828725,0.077623061695807
"rsa",0.0633787394482359,0.063879507239024,-0.0031436363018354,0.073362599835746,0.066102031285407,0.061939097725984,0.0517476679497211
"seqent",0.021778435763672,0.021785730631555,0.000616482942832994,0.0358326806157897,0.026493590166774,0.0196055871626519,0.018940799062462
