"variable","mean_diff","median_diff","sd_diff","min_diff","q1_diff","q3_diff","max_diff"
"ddgent",0.046745436072116,0.044749374924549,-0.0041277213259163,0.047091576811334,0.049856995391289,0.044718009604323,0.0331393053707491
"hbe_mean",-0.008540087105396,-0.011914178888564,0.0063294583219833,-0.024564186480427,-0.012568124231503,-0.00802212907574601,0.0117898821694959
"hpshh",0.061868313097774,0.057826737660316,0.0025830154313053,0.0372517074295339,0.056571948827521,0.063830646322807,0.0715031951579199
"r4s_JC",0.019941326010278,0.018928883260362,0.0003587742983924,0.011211176430797,0.019487991558529,0.021434808387667,0.025928133177096
"resvol",0.02694814701877,0.0435886735088435,0.000135592360703304,-0.160666009162811,-0.0832758410680509,0.135686920169888,0.116786831068811
"rsa",0.069036364392399,0.0690384737554,-0.0027879922619298,0.0820170667338179,0.0713683941259291,0.0686289874371441,0.0529361341486231
"seqent",0.020484646302364,0.020879278255148,0.000595391789713004,0.0340173101176952,0.021008890311583,0.0239175940317541,0.0198068990075371
