"variable","mean_diff","median_diff","sd_diff","min_diff","q1_diff","q3_diff","max_diff"
"asa",-0.06253951058482,-0.06294062954978,0.0032335138072672,-0.082522792778091,-0.064451869965138,-0.060422856555329,-0.051694238959504
"ddgent",-0.031398050765153,-0.0309427478200379,-0.0006345144208997,-0.036596834251944,-0.028954214699716,-0.0304994128203779,-0.03924312598862
"hbe_mean",-0.010741928242566,-0.010768509452639,-0.005951956003478,0.00327355259108697,-0.00833173672487797,-0.011075840201825,-0.045397720092846
"hpshh",-0.119410736425479,-0.126304490780965,0.00101036305315691,-0.0979523630802347,-0.125609422480553,-0.115804045448038,-0.133427780751468
"resvol",-0.11348548319714,-0.113645209788122,-0.0083330079109491,-0.086459406858737,-0.116360472004417,-0.0990744515058814,0.028115348235085
"rsa",-0.05672244476586,-0.058161864009205,0.0017744897953987,-0.058388330276355,-0.0581510721824779,-0.0573184769495461,-0.047612507785127
"seqent",-0.015488039722939,-0.018147853741444,0.001101932308362,-0.0186907764658728,-0.024282460203909,-0.00905995440718299,0.00525215792703193
