"variable","mean_diff","median_diff","sd_diff","min_diff","q1_diff","q3_diff","max_diff"
"asa",0.086973041445335,0.085954228820775,-0.0084400925017491,0.1331921895268,0.091333688050244,0.0817800309453489,0.0649413687741429
"ddgent",0.042588995547728,0.040199499164389,-0.0037650043546368,0.0446428057508069,0.046716005553288,0.040628010598888,0.033773973427466
"hbe_mean",-0.013435759481293,-0.01631104940756,0.00727641817754701,-0.030120250008653,-0.016925914881284,-0.010507862495422,0.013442932330289
"hpshh",0.059016531826629,0.056322085140817,0.00183668962784131,0.0368190610438334,0.055989509707545,0.062381813446535,0.069189000531785
"rsa",0.063399436869772,0.064150904510479,-0.0033988811777264,0.0745142105400119,0.066226679495701,0.0633381112479,0.051346156333328
"seqent",0.021597827756914,0.017258645716243,0.000634532305466992,0.0354453109820822,0.023078112253817,0.0246279310623221,0.016463509676505
