"variable","mean_diff","median_diff","sd_diff","min_diff","q1_diff","q3_diff","max_diff"
"asa",-0.086271361182313,-0.0844455985147691,0.0084561013430895,-0.127829097204401,-0.0891387315968231,-0.0812141016806269,-0.074633937129215
"ddgent",-0.0611908167718389,-0.05826025356418,0.0060168910095472,-0.0831214339998021,-0.0684127553891021,-0.056227075328295,-0.0450998413329859
"hbe_mean",0.06986459998583,0.067347513674706,-0.00876914545876291,0.089523413466238,0.072839316696446,0.065691705277797,0.0161722002682499
"hpshh",-0.079819397987259,-0.073829113322243,-0.00112364100151939,-0.0533858287454587,-0.076506029754244,-0.082828367785857,-0.12476810657934
"rsa",-0.064406660876868,-0.06457154441187,0.0037921714417377,-0.071733570165161,-0.06559865043569,-0.064068415272117,-0.054680385827406
"seqent",-0.043837547042169,-0.047269977309178,-0.005758298290928,-0.0382469482716769,-0.04191971057293,-0.046584410785076,-0.048465446003822
