"variable","mean_diff","median_diff","sd_diff","min_diff","q1_diff","q3_diff","max_diff"
"ddgent",0.020735357380641,0.019881705120417,-0.0057613278803716,0.04697786724995,0.0309776348490129,0.017101914558781,0.00637576212784996
"hbe_mean",-0.024734834010403,-0.026936107084834,0.0023639557713189,-0.021056061772363,-0.029374931815454,-0.022009388188066,-0.018090834286059
"hpshh",-0.059061077324208,-0.064332293943936,0.0041320455609056,-0.063916932743996,-0.070289278437295,-0.0523480361075029,-0.0379903839939491
"r4s_JC",0.017300437472302,0.016376700941974,0.0010447367863986,0.012278344568867,0.018204458259916,0.0190460105172869,0.0189147280766661
"resvol",-0.188287321953927,-0.186202400513127,-0.0130690371746805,-0.24193623884572,-0.247828665054013,-0.0607745382025,0.176688813776694
"rsa",0.0164204968885471,0.0144724820093349,-0.0065903183034343,0.030200356858323,0.020302298855141,0.012784499284064,0.00189447533801101
"seqent",0.015557272362743,0.008322086070569,0.00195170181976199,0.0213698762809838,0.010496026829108,0.014213938406865,0.025464533253674
