"variable","mean_diff","median_diff","sd_diff","min_diff","q1_diff","q3_diff","max_diff"
"ddgent",0.031311561997478,0.02843544847768,-0.0069776108780057,0.047162876971688,0.040576184452362,0.026511160977575,0.00468126864566099
"hbe_mean",-0.079110830137047,-0.07968535457584,0.00276174387031609,-0.085400288539674,-0.079630949169354,-0.076710610244741,-0.061462338754708
"hpshh",-0.037819903873462,-0.052335651764565,0.00279657023981709,-0.043277057251602,-0.047791494364432,-0.030280233057089,-0.0108356679426469
"r4s_JC",0.031304595667441,0.037520318241882,0.0052421049819419,0.002690212214915,0.032606223427173,0.039993369614418,0.05368888323115
"resvol",-0.14222279433271,-0.133627627724705,-0.00673790427099401,-0.210341436586686,-0.203910827290254,-0.0150219907674074,0.149675690025051
"rsa",0.00959026752777392,0.00878541776103703,-0.0019789985474201,0.013998228690979,0.00869352679949909,0.00879467834812497,0.00768038734602194
"seqent",0.028160113791605,0.031193593170016,0.00704590443304899,0.0203050110321732,0.016079164352315,0.038349816326675,0.05527285457915
