"variable","mean_diff","median_diff","sd_diff","min_diff","q1_diff","q3_diff","max_diff"
"asa",0.00463346152839095,0.00441000363867994,-0.0006584589512082,0.01173905924621,0.00474999300210299,0.004573747616614,0.00279093877511405
"ddgent",0.00379887939819801,0.003918020961308,4.85249908961996e-05,0.00207907508888494,0.00161946858970796,0.00560791491253498,0.00118885947223801
"hbe_mean",0.00541799191964798,0.00464546886329298,-0.000571873472515499,0.012290779124123,0.00506631406273,0.00772688327395799,-0.00431689065155505
"hpshh",0.00208212676721803,-0.00247465261623903,0.000631836179785211,0.0017719043227392,-0.000110474786245984,0.000861021494082015,-0.0061198665378871
"resvol",0.0007141093469843,0.0029373572385705,0.000546224022536901,0.011838831822032,0.00434353780664,-0.00148533484881672,0.003913478753581
"rsa",0.00538670377963901,0.00476099481358205,0.000228291351407301,0.00865446689807192,0.00526636284052207,0.00621716477790102,0.00118846619890201
"seqent",-0.00158256335317397,-0.00267883699094001,-0.000215492859144004,-0.0018153704980945,-0.00507002818310598,0.00358557826158501,0.000866099945075027
