"variable","mean_diff","median_diff","sd_diff","min_diff","q1_diff","q3_diff","max_diff"
"asa",0.126153992027742,0.123733661492928,-0.0149304518314202,0.176624307392032,0.1332856147991,0.118321275615435,0.0986701108177019
"ddgent",0.0874742317106251,0.087473004813071,-0.0104264697018541,0.124798289343319,0.095072618589133,0.0789665607139101,0.060652888552628
"hbe_mean",-0.087692359527477,-0.090094410958514,0.0103825172919935,-0.103486931051547,-0.094180006918863,-0.077421158246043,-0.035591730687296
"hpshh",0.041373286879206,0.031967823132891,0.0040161807698235,0.00191128296738001,0.039277377722088,0.04389389676576,0.092601242145581
"resvol",-0.242551080024028,-0.237745131190244,-0.00359390823569289,-0.290045320242291,-0.295350903187896,-0.113447602001733,0.244510754178713
"rsa",0.087376610734723,0.085832935514623,-0.0096005174405965,0.112121632533997,0.093320353231483,0.081132370977484,0.0649132246306231
"seqent",0.062534142808379,0.068549290610144,0.00849196397268701,0.0511981643766841,0.06366521271913,0.0700897846399,0.0737758469690251
