"variable","mean_diff","median_diff","sd_diff","min_diff","q1_diff","q3_diff","max_diff"
"asa",0.127609522603341,0.126490147609195,-0.0144404209766156,0.178478074444251,0.136055181018257,0.120196804827926,0.0894853894231029
"ddgent",0.0691263647579651,0.070665461591749,-0.0084097831344068,0.083194962198791,0.075199236748144,0.063384191755692,0.047582750416302
"hbe_mean",-0.030853412213795,-0.03443171725622,0.00902528285863941,-0.038968975307073,-0.036797382858379,-0.024558037112789,-0.00551044667577105
"hpshh",0.020881367142309,0.018787982765015,0.00479153954431981,-0.015228958046397,0.017008666774438,0.024654455289089,0.042457019089652
"rsa",0.0867799515881581,0.084929089654028,-0.0085486947033883,0.113969458726015,0.093474695536177,0.080245726619243,0.064291873204634
"seqent",0.040420300593913,0.041811149588071,0.003577403562947,0.0508109102946392,0.048113925193791,0.047698957183377,0.0451907434215101
