"variable","mean","median","sd","min","q1","q3","max"
"asa",0.863467386128817,0.866597348672599,0.0227525480387197,0.790674709216516,0.84953573987194,0.877928193605558,0.921530973499834
"ddgent",0.751690394373132,0.753290625837845,0.0341451370067957,0.648340769532569,0.726312950222437,0.775290158063488,0.833612288310275
"hbe_mean",0.366895910725108,0.36776772486856,0.0708899223230453,0.188314346577187,0.32065348119845,0.411034079027359,0.571830688237894
"hpshh",0.481057373228874,0.491722219496226,0.0781040925853438,0.183844462491609,0.439149363335278,0.531641428785873,0.66886254893426
"rsa",0.896195630448885,0.898879506385059,0.0214254109498244,0.834479769224021,0.882217300675826,0.910820128201454,0.948046060602682
"seqent",0.464504695202633,0.485776204031049,0.107087845416856,0.0512308984089405,0.413783780452228,0.538339518525728,0.671334943647401
