"variable","mean","median","sd","min","q1","q3","max"
"asa",0.896006983482259,0.897097590567152,0.014058940173638,0.854752121224953,0.88728641653382,0.90688001752763,0.925876610440365
"ddgent",0.751611060869673,0.75341110315606,0.0306352633832761,0.654630719689756,0.731956107992057,0.773437478351945,0.827784865209247
"hbe_mean",0.396114582622833,0.390538447223804,0.0719234937958343,0.230857544476828,0.346189154220543,0.440513616319915,0.587898008552541
"hpshh",0.39952107507389,0.413374411277625,0.0826619048553591,0.102919928042085,0.343180936135075,0.4588459452138,0.578786687036479
"resvol",0.0800691194697895,0.0864352949096434,0.0906930257014036,-0.173178098790746,0.0265854306305798,0.135862808224853,0.291227797193178
"rsa",0.908976881003706,0.90966435192877,0.0152641421011004,0.865613189100091,0.90014500464961,0.920128302656804,0.940640453305062
"seqent",0.45849867678197,0.468943955141689,0.104128558838012,0.0722215681667324,0.411794789239361,0.532457564513061,0.666027813474649
