"variable","mean","median","sd","min","q1","q3","max"
"asa",0.899209154989243,0.90031023702752,0.0141144844288053,0.856446162928753,0.889989399245089,0.909432723740265,0.930091621621905
"ddgent",0.754082282005006,0.756142398447996,0.0304659919222515,0.653715309637991,0.735643579395876,0.776975289983753,0.826917912301799
"hbe_mean",0.398981872075054,0.39613870672409,0.0719385403262355,0.231776240549298,0.34866117344348,0.444996345523524,0.58382113796336
"hpshh",0.401123546580161,0.414086333815325,0.0828442856289064,0.102787288733836,0.346591373950333,0.459704562463256,0.580727941884382
"rsa",0.911969925535497,0.912603395184984,0.0160990113946474,0.866527952274362,0.902606942212269,0.922937047179643,0.949319184514704
"seqent",0.458025160532481,0.466439758117516,0.104099244646541,0.0722135206078794,0.409940903755181,0.533211903146208,0.66821437335356
