"variable","mean","median","sd","min","q1","q3","max"
"asa",0.812236113543908,0.814356008206745,0.0225545769305544,0.723253973401953,0.798655711194845,0.827652692794916,0.865150252847762
"ddgent",0.711493286457278,0.715942899283607,0.0342309962768883,0.609072503887184,0.688927573842588,0.736347279384865,0.793143938874333
"hbe_mean",0.412417631556347,0.41244975613165,0.0646621221486885,0.261896490557951,0.365587088324764,0.455504208018946,0.570378205633071
"hpshh",0.342107014753532,0.357764248674508,0.0810075960010651,0.0659682276900026,0.290601864242788,0.397322749016721,0.511538941352597
"rsa",0.848570488665725,0.848452490674505,0.0194978925723738,0.79201374173435,0.836380262716568,0.859598935931743,0.897973028181376
"seqent",0.436427332775567,0.449181112401273,0.103464712341074,0.0367682096257972,0.386862791501364,0.508583972083886,0.651750863677055
