"variable","mean","median","sd","min","q1","q3","max"
"asa",0.900585672901366,0.900660677440777,0.0138907494570924,0.856019292776759,0.891175486052811,0.91048644747833,0.941420187246118
"ddgent",0.77454494341814,0.775143265738654,0.0282140086995738,0.69396452688271,0.758228599874301,0.794756494741669,0.83845899425537
"hbe_mean",0.344743538073598,0.345415654212727,0.0729720739987361,0.179066839055532,0.294832151626487,0.394966042648987,0.553327659257699
"hpshh",0.4231890857077,0.430477096556469,0.0824723763919642,0.120820662626017,0.367471129808036,0.481400726203683,0.630791933285942
"rsa",0.915273619453399,0.915688635213922,0.0157987398784686,0.8661188242243,0.905027793115274,0.92746739843073,0.951652048911723
"seqent",0.479697441331659,0.492460310590191,0.109007701663314,0.0737363129942795,0.426128742851753,0.556477238488369,0.699782879172335
