"variable","mean_diff","median_diff","sd_diff","min_diff","q1_diff","q3_diff","max_diff"
"ddgent",0.190014806462394,0.191451289209636,-0.0081086752344802,0.160684781999455,0.187685740743411,0.191537309415595,0.221185730656508
"hbe_mean",-0.127456974657234,-0.137631276268816,-0.0104740601676646,-0.119504509523735,-0.138697532847805,-0.108231311489013,-0.0558892895522624
"hpshh",0.164936756759186,0.164512353820777,0.0186944188741556,0.179272630511011,0.179247749802459,0.149494247437538,0.109027114229981
"r4s_JC",0.138526218256939,0.152677176261782,-0.00360087055681001,0.115800183743058,0.131660701928054,0.143157740240451,0.068358665673654
"resvol",-0.0503460226430818,-0.0577050535907396,0.0081335000090126,0.08329923889822,0.0182234318608845,-0.041120780681667,-0.058610445319969
"rsa",0.170672002523346,0.178378890353755,-0.0016461645414135,0.136099495767213,0.176612506933669,0.17243753992793,0.14548643232356
"seqent",0.134729905453531,0.136204354216849,0.006002898125194,0.127132702768098,0.140806885739422,0.164505761336188,0.0122165182234724
