"variable","mean_diff","median_diff","sd_diff","min_diff","q1_diff","q3_diff","max_diff"
"asa",0.099220287955183,0.104218070070667,0.0001039374937769,0.077918778276318,0.098527073227603,0.101275527772208,0.091470072458221
"ddgent",0.099903555287795,0.101678640764752,-0.0014108432100155,0.099198780085596,0.099832716595797,0.101525118303471,0.087252274174215
"hbe_mean",-0.082091949586013,-0.088461811054553,-0.00760192066490009,-0.124049551090612,-0.092794163612477,-0.072120474635456,-0.0322051774784814
"hpshh",0.110552941589852,0.108793014863942,0.0111152276732517,0.146508235526508,0.11650046131663,0.105329212348931,0.0557867410618435
"resvol",-0.0468616657379811,-0.0461206053187499,0.000138837612563808,0.016824748071338,0.0255921279766234,-0.0423796212385925,-0.069018041351538
"rsa",0.082123955816776,0.087807558602193,0.0011791543188569,0.074777476628483,0.082574610309016,0.088599753019722,0.065182668744721
"seqent",0.0712473110728,0.072611816151686,0.003384749361525,0.069311398570246,0.072033933749247,0.085977359332881,0.0127541311379861
