"variable","mean_diff","median_diff","sd_diff","min_diff","q1_diff","q3_diff","max_diff"
"asa",-0.040047287914015,-0.035954190033113,0.0042547162150889,-0.00303094602070297,-0.042563448221261,-0.042047446320524,-0.0499705602774561
"ddgent",-0.0239559013181829,-0.020879247710748,0.0038893799659668,-0.0248682371081751,-0.020935282995926,-0.0287380870487309,-0.034334376292232
"hbe_mean",0.000790733637168972,0.00522854444013099,-0.000970954714168012,-0.0571946910272479,-0.00247288295120507,-0.00433849267083203,0.016568531408612
"hpshh",-0.011208519901547,-0.016989572061639,-0.00376052812052169,0.029613852049111,-0.016987667057805,-0.003690563474988,-0.0391456025494963
"resvol",0.00392177133917911,0.0065544013642598,-0.0019995697881956,-0.024603205492707,0.0101631086235237,-0.000446109578719989,-0.022880304881292
"rsa",-0.041093732481863,-0.041461834537294,0.003032488322736,-0.00886983636209204,-0.047299452655845,-0.043686856970773,-0.033297996943779
"seqent",-0.01721852024996,-0.01820721627235,0.000511247316152999,-0.00384360390827299,-0.011622787072851,-0.027314870189885,-0.0087820145947198
