"variable","mean_diff","median_diff","sd_diff","min_diff","q1_diff","q3_diff","max_diff"
"ddgent",0.027519000526791,0.0303423348891649,7.62270338264953e-05,0.045397571921971,0.028394465277697,0.031866159204166,0.023409258244099
"hbe_mean",-0.05300831606521,-0.05693440884267,-0.00487947056246249,-0.0450400611714961,-0.058673747051422,-0.04802164517092,-0.0300018725850894
"hpshh",0.058272011848991,0.05600151611205,0.0058122198194107,0.0995851062099991,0.062671863742537,0.05604275447976,0.03265144056615
"r4s_JC",0.022756214296634,0.029092255270838,0.0012618663428379,0.02036645337179,0.0215122013292059,0.019207144342865,0.008072353201178
"resvol",-0.0337904844556066,-0.0327263533978233,-0.0016540151846913,0.012044415671694,0.029882202088559,-0.033258574294834,-0.048345441722393
"rsa",0.0253690185572101,0.02914766315867,0.0015120054313614,0.031012625452149,0.025807532082563,0.02476269502279,0.023786775286019
"seqent",0.024521132296136,0.02694164727043,0.00252613410854201,0.023506089502297,0.0255757538196341,0.032000721236135,0.007409442422293
