"variable","mean_diff","median_diff","sd_diff","min_diff","q1_diff","q3_diff","max_diff"
"ddgent",0.0765708336387441,0.074145895943463,-0.0027831256779552,0.0419105805011839,0.0797420266828099,0.070413779236567,0.124427897163478
"hbe_mean",-0.067502905894812,-0.063559838942705,-0.00405713903943,-0.0716841995047031,-0.0675069795233091,-0.073228591768939,-0.034897395235498
"hpshh",0.045548107382696,0.042240589509123,0.00307895127367991,0.088231151204533,0.045202294512555,0.043406970002016,0.0115184120640114
"r4s_JC",0.06990779402367,0.0668466453039009,-0.000690933880366007,0.0686109313839061,0.070487214343522,0.084525141594887,0.036498073355709
"resvol",0.00230208468333939,-0.00548561373681851,0.0076188527241077,0.085878377577232,0.0038523549355416,0.00313629604444901,0.00186911704016002
"rsa",0.0523987478063279,0.055542644162606,0.0018323364101152,0.0658336661200529,0.057969214936194,0.043449291685966,0.040519500780116
"seqent",0.057961366932825,0.059023731242102,0.007681064100303,0.079943764789652,0.064149197975314,0.056688914461562,-0.0150421352117602
