"variable","mean_diff","median_diff","sd_diff","min_diff","q1_diff","q3_diff","max_diff"
"ddgent",-0.013644391167358,-0.011727051031743,0.00252388018352469,0.00612413058667405,-0.016953990209189,-0.010733017263691,-0.0196217077338701
"hbe_mean",-0.013084444290713,-0.015370195700185,0.00403347191764711,0.022185965614586,-0.02209451834742,-0.016330644527286,-0.014090645831804
"hpshh",0.022284601220882,0.022169988662111,0.0040811053921804,0.0336283941048241,0.018952588013147,0.021371554728828,0.009250774426249
"r4s_JC",-0.004808427771957,0.000996938874782027,0.0017181858607519,-0.00978006809337595,-0.00363494662270403,-0.010039450466785,0.00666735642986399
"resvol",-0.0399693810104178,-0.0231727602782953,-0.0031482273328188,0.056401501177676,0.0722430076364514,-0.0743501751510271,-0.089293694475247
"rsa",6.43468095380406e-05,0.00277599114201899,0.0052920618006173,0.00818628608678906,0.0048884692797081,-0.00353952943042002,-0.00963910744341701
"seqent",-0.00283980861175703,-0.00532308461131797,0.002220942807966,-0.00600295546289897,-0.00315138007800098,-0.008795279388218,0.0075026830977069
