"variable","mean_diff","median_diff","sd_diff","min_diff","q1_diff","q3_diff","max_diff"
"ddgent",0.00421431016224905,0.00384706266850099,-0.0039248828435049,0.007514825072788,0.0117290011717519,0.00317789431141002,-0.00830268948937996
"hbe_mean",0.034222710389335,0.028757616169714,0.000448706742593799,0.043420940340033,0.02938354883025,0.034014740556777,0.013775944109106
"hpshh",-0.077742737562481,-0.074189565445522,0.00530107541429911,-0.080929825504256,-0.091501839667719,-0.070099445539322,-0.085215660531851
"r4s_JC",-0.00647947322150599,-0.00418679791278498,-0.0031268844743863,0.025236339589197,-5.23008899989685e-05,-0.00706347729075407,-0.020881307943727
"resvol",-0.129737810323066,-0.123064673161449,-0.0152173212240202,-0.299182048133379,-0.252931814878754,-0.00595648945639199,0.173935229163819
"rsa",0.0181018447758521,0.016033400231806,-0.0051266676246054,0.033268084670864,0.0233808729125571,0.01432873316684,0.00067327043135601
"seqent",-0.00721148868989602,-0.01781054073014,-0.003450855213896,0.0200911469294518,-0.00400936464146801,-0.00792082189559196,-0.00107671141642596
