"variable","mean","median","sd","min","q1","q3","max"
"ddgent",0.772884381778291,0.773749008589631,0.0284273070136031,0.695318636782519,0.757302004964041,0.792572133994518,0.839988050438125
"hbe_mean",0.34152282037143,0.339984367556882,0.0730331586507297,0.167258284804824,0.291278549382996,0.388884606832237,0.553739853951835
"hpshh",0.421778006264554,0.427266174183201,0.0825346175109719,0.119927529747613,0.368860084897983,0.47929339267837,0.630872164940311
"r4s_JC",0.570249022715429,0.584497666849372,0.0922843450321443,0.283120952329282,0.51681561192107,0.638817752636521,0.744300018922128
"resvol",0.0239196298428089,0.0263489261620112,0.0927174900707135,-0.225794286315246,-0.033651148839917,0.082364897967889,0.294017083470279
"rsa",0.912670985137865,0.913590283837382,0.0150097953295769,0.864680126082344,0.902452599907575,0.923823691537884,0.949940535940693
"seqent",0.478718839264029,0.491568705527951,0.109380076898113,0.0726007746899243,0.424103791691692,0.551174755367682,0.696799476901075
