alignment_pos,pdb_pos,entropy
207,1,0.0
208,2,0.0
209,3,0.0
210,4,0.0
211,5,0.0
212,6,0.0
213,7,0.0
214,8,0.0
215,9,0.0
216,10,0.0
217,11,0.05532134416
218,12,0.0
219,13,0.0
220,14,0.0
221,15,0.0
222,16,0.0
223,17,0.0
224,18,0.0
225,19,0.0
226,20,0.0
227,21,0.0
228,22,0.0
229,23,0.0
230,24,0.0
231,25,0.0
232,26,0.146514727202
233,27,0.0
234,28,0.0310873835982
235,29,0.0
236,30,0.0
237,31,0.0310873835982
238,32,0.0
239,33,0.0
240,34,0.0
241,35,0.0310873835982
242,36,0.0
243,37,0.0310873835982
244,38,0.0
245,39,0.0
246,40,0.0
247,41,0.363376662914
248,42,0.0
249,43,0.0968865821716
250,44,0.0
251,45,0.0
252,46,0.0968865821716
253,47,0.0
254,48,0.0968865821716
255,49,0.0
256,50,0.0
257,51,0.0
258,52,0.0
259,53,0.0
260,54,0.0
261,55,0.0310873835982
262,56,0.0
263,57,0.12787568583
264,58,0.0
265,59,0.0310873835982
266,60,0.0
267,61,0.352398774514
268,62,0.0
269,63,0.0310873835982
270,64,0.242804139311
271,65,0.0310873835982
272,66,0.0310873835982
273,67,0.0310873835982
274,68,0.0
275,69,0.0
276,70,0.0310873835982
277,71,0.0968865821716
278,72,0.0
279,73,0.115550502984
280,74,0.0
281,75,0.0
282,76,0.0
283,77,0.0
284,78,0.195050950789
285,79,0.0
286,80,0.0
287,81,0.0
288,82,0.0310873835982
289,83,0.0310873835982
290,84,0.0310873835982
291,85,0.0
292,86,0.0
293,87,0.0
294,88,0.146514727202
295,89,0.0310873835982
296,90,0.0
297,91,0.0
298,92,0.0
299,93,0.0
300,94,0.0
301,95,0.0
302,96,0.0
303,97,0.0968865821716
304,98,0.0
305,99,0.107967077632
306,100,0.107967077632
307,101,0.0310873835982
308,102,0.0
309,103,0.785499886077
310,104,0.0
311,105,0.0
312,106,0.0
313,107,0.220984140849
314,108,0.0
315,109,0.0
316,110,0.0
317,111,0.0
318,112,0.0
319,113,0.0
320,114,0.0
321,115,0.0310873835982
322,116,0.0310873835982
323,117,0.0
324,118,0.0
325,119,0.152010873786
326,120,0.382718231977
327,121,0.0
328,122,0.0
