alignment_pos,pdb_pos,entropy
207,1,0.0
208,2,0.0
209,3,0.0
210,4,0.0
211,5,0.0
212,6,0.0
213,7,0.11251593412
214,8,0.0
215,9,0.0
216,10,0.0
217,11,0.0
218,12,0.0
219,13,0.0
220,14,0.0
221,15,0.0
222,16,0.0
223,17,0.0
224,18,0.0
225,19,0.0
226,20,0.0
227,21,0.0
228,22,0.0
229,23,0.0
230,24,0.0
231,25,0.0
232,26,0.0
233,27,0.575039824478
234,28,0.0
235,29,0.0
236,30,0.224451090556
237,31,0.11251593412
238,32,0.0
239,33,0.0
240,34,0.191444081958
241,35,0.0
242,36,0.0
243,37,0.0
244,38,0.0
245,39,0.0
246,40,0.0
247,41,0.0
248,42,0.11251593412
249,43,0.11251593412
250,44,0.0
251,45,0.11251593412
252,46,0.0
253,47,0.11251593412
254,48,0.0
255,49,0.11251593412
256,50,0.11251593412
257,51,0.0
258,52,0.519579839131
259,53,0.0
260,54,0.0
261,55,0.519579839131
262,56,0.0
263,57,0.0
264,58,0.0
265,59,0.0
266,60,0.0
267,61,0.0
268,62,0.765447828342
269,63,0.0
270,64,0.0
271,65,0.0
272,66,0.0
273,67,0.191444081958
274,68,0.0
275,69,0.191444081958
276,70,0.257318640544
277,71,0.0
278,72,0.11251593412
279,73,0.0
280,74,0.0
281,75,0.0
282,76,0.0
283,77,0.0
284,78,0.0
285,79,0.0
286,80,0.0
287,81,0.0
288,82,0.0
289,83,0.626275092435
290,84,0.11251593412
291,85,0.11251593412
292,86,0.0
293,87,0.0
294,88,0.0
295,89,0.0
296,90,0.0
297,91,0.486912709465
298,92,0.0
299,93,0.519579839131
300,94,0.774862028348
301,95,0.0
302,96,0.519579839131
303,97,0.191444081958
304,98,0.0
305,99,0.0
306,100,0.0
307,101,0.0
308,102,0.0
309,103,0.0
310,104,0.0
311,105,0.0
312,106,0.519579839131
313,107,0.0
314,108,0.0
315,109,0.0
316,110,0.0
317,111,0.519579839131
318,112,0.0
319,113,0.0
320,114,0.0
321,115,0.519579839131
322,116,0.0
323,117,0.0
324,118,0.0
325,119,0.0
326,120,0.0
327,121,0.0
328,122,0.0
