alignment_pos,pdb_pos,entropy
3,1,0.0
4,2,0.0
5,3,0.0
6,4,0.0272824787468
7,5,0.0
8,6,0.0
9,7,0.0
10,8,0.0
11,9,0.0
17,10,0.0
18,11,0.0
19,12,0.0
20,13,0.0
21,14,0.0
22,15,0.133125069001
23,16,0.0
24,17,0.0
25,18,0.0272824787468
26,19,0.0
27,20,0.0
28,21,0.0272824787468
29,22,0.0
30,23,0.102278454263
31,24,0.0
32,25,0.0
33,26,0.0
34,27,0.0
35,28,0.0
36,29,0.0
37,30,0.0
38,31,0.0272824787468
39,32,0.0
40,33,0.0
41,34,0.0
42,35,0.0
43,36,0.0
44,37,0.0
45,38,0.0
46,39,0.0
47,40,0.0
48,41,0.0
49,42,0.0
50,43,0.0
51,44,0.0
52,45,0.0
53,46,0.0272824787468
54,47,0.0856249633913
55,48,0.0
56,49,0.0272824787468
57,50,0.0
58,51,0.0
59,52,0.0
60,53,0.0272824787468
61,54,0.0
62,55,0.0
63,56,0.0
64,57,0.0
65,58,0.0856249633913
66,59,0.0272824787468
67,60,0.0
68,61,0.0
69,62,0.0
70,63,0.0
71,64,0.0
72,65,0.0
73,66,0.0
74,67,0.0
75,68,0.0
76,69,0.0
77,70,0.0
78,71,0.0272824787468
79,72,0.228857767127
80,73,0.0486977352913
81,74,0.0
82,75,0.0
83,76,0.0272824787468
84,77,0.429201900327
85,78,0.0
86,79,0.0
87,80,0.0
88,81,0.0
89,82,0.0
90,83,0.0
91,84,0.0
92,85,0.0856249633913
93,86,0.0856249633913
94,87,0.0
95,88,0.0
96,89,0.203252595869
97,90,0.0951158519081
98,91,0.153295350575
99,92,0.102278454263
100,93,0.0
101,94,0.0
102,95,0.0486977352913
103,96,0.0
104,97,0.0
105,98,0.0
106,99,0.0
107,100,0.0
108,101,0.0
109,102,0.0
110,103,0.0
111,104,0.0
112,105,0.102278454263
113,106,0.0
114,107,0.0
115,108,0.0
116,109,0.0
117,110,0.0272824787468
118,111,0.0
119,112,0.0
120,113,0.0
121,114,0.0
122,115,0.327855401791
123,116,0.0486977352913
124,117,0.0
125,118,0.0
126,119,0.0
127,120,0.0
128,121,0.0
129,122,0.0
130,123,0.0
131,124,0.0
132,125,0.0
133,126,0.0
134,127,0.0486977352913
135,128,0.0486977352913
136,129,0.0272824787468
137,130,0.0
138,131,0.0
139,132,0.0
140,133,0.0
141,134,0.0
142,135,0.0
143,136,0.0
144,137,0.0
145,138,0.0
146,139,0.0
147,140,0.0545470785871
148,141,0.0
149,142,0.0
150,143,0.0678872387735
151,144,0.0
152,145,0.147562794522
153,146,0.0
154,147,0.112835467418
