"","area","eccentricity","edge","sphericity"
"eccentricity",5.75436864179248e-37,NA,NA,NA
"edge",5.40651373257736e-86,7.83475592032763e-15,NA,NA
"sphericity",1.78310080716007e-70,1.77581800777689e-43,1.87904921538736e-21,NA
"volume",5.53455948847123e-20,9.64691310074142e-27,3.88043999482326e-88,1.29813389489227e-60
