"","area","eccentricity","edge","sphericity"
"eccentricity",0.00663068078470428,NA,NA,NA
"edge",8.10935728176444e-06,0.165103416754404,NA,NA
"sphericity",7.65462076141223e-17,2.09259226874546e-07,0.00057642484667881,NA
"volume",0.584626886772658,0.027793012663875,9.18537377024231e-05,5.60750710078715e-15
