"variable","mean","median","sd","min","q1","q3","max"
"asa",0.611790108685602,0.615951599329615,0.0961078940818263,0.307322978792892,0.564126752047803,0.679567306466457,0.787515756384026
"ddgent",0.495225486493078,0.505495111754814,0.0808374213486792,0.253558713673456,0.44310575471958,0.547233996956721,0.68783012213178
"hbe_mean",0.302730203099567,0.303041375435496,0.100080223658272,0.0624260218776313,0.238061463145365,0.366362050100787,0.554537090033263
"hpshh",0.31741813807763,0.315572324229817,0.0824998813896988,0.102916004082388,0.265319122924277,0.364221459295043,0.511621643006573
"resvol",0.0252982836675803,0.0237810443504086,0.0897762716210405,-0.226605102456022,-0.0303654421018902,0.0866947156183683,0.298470530506232
"rsa",0.609926685866176,0.61971337977269,0.0958753431317558,0.288945892503138,0.560304368993613,0.681142947677846,0.799792834230294
"seqent",0.358219521780422,0.376309214389285,0.137154172745995,-0.0562146013881734,0.26672104520845,0.46170293018971,0.669901289459235
