"variable","mean","median","sd","min","q1","q3","max"
"asa",0.456897126532916,0.465978314286613,0.0968732474264938,0.0893654606252335,0.400669304466571,0.516110308931373,0.70393838477589
"ddgent",0.367661468283328,0.374544685176889,0.0843948535914659,0.0671317286704356,0.317905175345294,0.421944430913422,0.600586035321563
"hbe_mean",0.311398345523673,0.313584018749305,0.10906609232498,0.052667946365054,0.236983925851451,0.382542890692562,0.64985899980337
"hpshh",0.177373111946801,0.17516497715535,0.0685257485003166,-0.0483871760843462,0.137780743546419,0.21726812428791,0.359396195994153
"resvol",-0.0574668649985844,-0.0543301784990407,0.0841507140671388,-0.280198401397457,-0.113045964790413,-0.00527048642387321,0.181239543897582
"rsa",0.478702249489838,0.493645127893339,0.0994302176779057,0.101447098930468,0.419381812870405,0.544980697973896,0.726299206973725
"seqent",0.274191037482681,0.287108745276847,0.132706647419417,-0.101605378240197,0.196092179364221,0.372739251498447,0.573184615234013
