"variable","mean","median","sd","min","q1","q3","max"
"asa",0.464641560974698,0.468567900158427,0.0944199851694255,0.12333025391871,0.411026151717984,0.528006451555844,0.684028994071903
"ddgent",0.366823189266163,0.373435988263337,0.0793255488783423,0.108711832416556,0.325946545582209,0.405030307219752,0.582214227291407
"hbe_mean",0.329822952514797,0.333873042375673,0.114389623190506,0.00854348508941793,0.255347683356558,0.4052012315428,0.694092559901192
"hpshh",0.168369577329465,0.165964914357628,0.0684008473292067,-0.0485455139981995,0.128070238053487,0.209793395717437,0.372845800983487
"resvol",-0.058749527672814,-0.0569120029173005,0.0801059004336754,-0.288219030385861,-0.111362239084812,-0.00173143965327637,0.168132585135655
"rsa",0.488671707967566,0.491614918091196,0.0968913129303408,0.146716183024359,0.435667437340648,0.558288679886773,0.706769577741448
"seqent",0.268982451296142,0.283617745788451,0.127634109381269,-0.0846747633162256,0.184318481076359,0.359787589295032,0.540222035684874
