"variable","mean_diff","median_diff","sd_diff","min_diff","q1_diff","q3_diff","max_diff"
"asa",0.0253643145988149,0.0325606160906411,-0.0041533253615042,-0.049375304813708,0.031994414308729,0.025081430933214,9.01709280509699e-05
"ddgent",0.034272762812155,0.034787463469011,0.0012146293010353,-0.030767240129085,0.037359463033541,0.038360373031773,0.038590595953372
"hbe_mean",-0.029491197574444,-0.028070661677938,-0.0100793572284015,-0.0080557772966943,-0.02805484551686,-0.030013430370156,-0.040982777390004
"hpshh",0.045643279929873,0.049441142215457,0.0042702692165589,0.033132259671221,0.040844962660636,0.057185612781022,0.04831700834583
"resvol",0.0363015858125713,0.0331027534717797,0.00154422724636789,-0.036928484640702,-0.0264704224245324,0.0374811886445007,0.031283160587605
"rsa",0.014658061235723,0.016456926341464,-0.0050994960385061,-0.05834885357767,0.021728055476369,0.012649961419182,-0.015745973669554
"seqent",0.016039373632741,0.014533398289994,-0.002428215421268,-0.0159573068473837,0.014117515320074,0.019189595116013,0.00343402270028104
