"variable","mean_diff","median_diff","sd_diff","min_diff","q1_diff","q3_diff","max_diff"
"asa",-0.00204802372498497,-0.000529524558026961,0.0069075206798495,-0.0702277113060751,-0.001982393326458,0.00150737027752001,0.023374075103157
"ddgent",0.000101076952293999,0.00400788920765099,0.00865516192288081,-0.0834034612314285,-0.00367074369289999,0.018021644868809,0.026000895722382
"hbe_mean",-0.017537117379679,-0.014013867184593,-0.000513626307067999,0.0236772723981929,-0.012965178594367,-0.017910865801656,-0.043639509712426
"hpshh",0.00500719557061399,0.007668566323596,0.0055556276626117,0.0219125408704252,0.00453177674240801,0.011796747311785,0.010133631958235
"resvol",-0.0050328217527965,-0.0058162278663859,0.000612997544373509,-0.004248452951504,-0.00938631654411101,-0.000878510019116461,0.00202600140738401
"rsa",-0.00449681880724201,-0.00165524433488701,0.0063477847447182,-0.0812372650317785,-0.00499360203509902,-0.00486360677471498,0.021895129755245
"seqent",0.00271249109413502,-0.00255309645687002,0.00426255240161499,0.0500529164306234,0.00552153815159698,0.00770556507480497,0.011283541503202
