"variable","mean_diff","median_diff","sd_diff","min_diff","q1_diff","q3_diff","max_diff"
"asa",-0.050431931575974,-0.060659891511743,-0.000335014225416,-0.05280666154704,-0.048332416742949,-0.0505333710618959,-0.031331485327476
"ddgent",-0.05212876752959,-0.051886233819165,-0.00244531000775471,-0.0434330734556693,-0.05065363124148,-0.049067225815502,-0.032743483769043
"hbe_mean",0.00846494673291498,0.014795079826608,0.007282258255703,-0.0211679020507471,0.00482641659185598,0.00888090019328203,0.040086794681811
"hpshh",-0.050602407051553,-0.047308083068452,-0.0047060331047204,0.0478793132107426,-0.051337665400504,-0.055069086139915,-0.06439163445401
"resvol",0.0118453719948076,0.0192365921420414,-0.0010313600462908,0.050280580726466,0.0043095063062023,-0.0117983966995322,-0.01171034843938
"rsa",-0.044403561810465,-0.0491129004793249,-0.000201384490742001,-0.049624356139477,-0.04879645232304,-0.0435080701092621,-0.027354667174841
"seqent",-0.032921695881762,-0.036831672781992,-0.00116960890158802,0.0193739123107177,-0.027612833686952,-0.031237661545271,-0.031197407549327
