"variable","mean_diff","median_diff","sd_diff","min_diff","q1_diff","q3_diff","max_diff"
"asa",-0.00569641071679705,-0.002060061313787,-0.0044542584227812,0.0362629180125986,-0.00837445392495501,-0.013403512901991,-0.00346468439917003
"ddgent",0.000737202064871045,-0.00289919229409902,-0.00358585720975721,0.0418233574853081,-0.00437062654401499,-0.00110752117513901,-0.00762908769222603
"hbe_mean",-0.000887489611444969,-0.00627515644177495,-0.00480990455845799,0.0204471888774432,-0.00539857891074,-0.00474747504858203,-0.00059405038539595
"hpshh",0.003996339046722,0.00153149647412601,-0.00543072649150179,-0.0220708787842785,0.005178728750524,-0.00432201874131199,-0.023583236947569
"resvol",0.0037501590785669,0.0032344034481261,0.00343181608908989,-0.0037721760369,0.011070042249712,0.0044175567897133,0.011080957354543
"rsa",-0.00547263967048595,0.00368545413702998,-0.00380887999715329,0.0359681809378875,-0.011292022435144,-0.00844437513816199,-0.00236550052296802
"seqent",0.00249609509240395,0.006044095945266,0.000809985636533006,-0.033122301506652,0.00625216013626501,0.00524609712861002,0.021679038045937
