"variable","mean_diff","median_diff","sd_diff","min_diff","q1_diff","q3_diff","max_diff"
"asa",0.154892982152686,0.149973285043002,-0.000765353344667499,0.217957518167659,0.163457447581232,0.163456997535084,0.0835773716081361
"ddgent",0.12756401820975,0.130950426577925,-0.00355743224278669,0.18642698500302,0.125200579374286,0.125289566043299,0.087244086810217
"hbe_mean",-0.00866814242410602,-0.0105426433138091,-0.008985868666708,0.0097580755125773,0.00107753729391399,-0.016180840591775,-0.095321909770107
"hpshh",0.140045026130829,0.140407347074467,0.0139741328893822,0.0545288279980418,0.127538379377858,0.146953335007133,0.15222544701242
"resvol",-0.0321685813310041,-0.0305491341486321,0.00562555755390171,-0.053593298941435,-0.0826805226885228,0.0814242291944951,0.11723098660865
"rsa",0.131224436376338,0.126068251879351,-0.0035548745461499,0.18749879357267,0.140922556123208,0.13616224970395,0.073493627256569
"seqent",0.084028484297741,0.089200469112438,0.00444752532657799,-0.0453907768520236,0.070628865844229,0.088963678691263,0.096716674225222
